iteration,MSE_trg,MSE_tst,acc_trg,acc_tst,f1_trg,f1_tst,train_time,pred_time
0,0.104217273762,0.104163390422,0.887432749345,0.888435224012,0.0,0.0,0.090271,0.217499
10,0.107136134934,0.10709244999,0.887432749345,0.888435224012,0.0,0.0,0.389492,0.18685
20,0.108941648884,0.108899361659,0.887432749345,0.888435224012,0.0,0.0,0.653339,0.157585
30,0.108930784307,0.108888513981,0.887432749345,0.888435224012,0.0,0.0,0.935048,0.157282
40,0.108922190136,0.108877261287,0.887432749345,0.888435224012,0.0,0.0,1.215345,0.139038
50,0.108921845928,0.108876875527,0.887432749345,0.888435224012,0.0,0.0,1.494437,0.147213
60,0.108896594296,0.108852192092,0.887432749345,0.888435224012,0.0,0.0,1.964374,0.173218
70,0.121067471895,0.121060232585,0.887432749345,0.888435224012,0.0,0.0,2.229608,0.142864
80,0.0987557072891,0.0986803726921,0.887432749345,0.888435224012,0.0,0.0,2.56772,0.160363
90,0.0986976684676,0.0986229092533,0.887432749345,0.888435224012,0.0,0.0,2.891054,0.160414
100,0.0986958174781,0.0986202805294,0.887432749345,0.888435224012,0.0,0.0,3.214369,0.145556
110,0.0986945203616,0.0986193118804,0.887432749345,0.888435224012,0.0,0.0,3.591971,0.140761
120,0.098692308675,0.0986168851575,0.887432749345,0.888435224012,0.0,0.0,3.985379,0.154824
130,0.0986922395717,0.0986168401541,0.887432749345,0.888435224012,0.0,0.0,4.252905,0.170322
140,0.0986917261155,0.0986160344909,0.887432749345,0.888435224012,0.0,0.0,4.747374,0.154714
150,0.098680567902,0.0986049489863,0.887432749345,0.888435224012,0.0,0.0,5.023997,0.145374
160,0.0986008970372,0.0985251485255,0.887432749345,0.888435224012,0.0,0.0,5.335501,0.163391999999
170,0.0986031659742,0.098527403498,0.887432749345,0.888435224012,0.0,0.0,5.840163,0.134675
180,0.0974155164144,0.0973326292191,0.887432749345,0.888435224012,0.0,0.0,6.106638,0.151986
190,0.097413881484,0.0973291500243,0.887432749345,0.888435224012,0.0,0.0,6.375442,0.145657
200,0.0974138534733,0.0973291073842,0.887432749345,0.888435224012,0.0,0.0,6.64614,0.163232
210,0.0974026117976,0.0973177309506,0.887432749345,0.888435224012,0.0,0.0,6.925694,0.155642
220,0.0973914065532,0.0973072801279,0.887432749345,0.888435224012,0.0,0.0,7.254284,0.152903
230,0.0973912929544,0.0973071488109,0.887432749345,0.888435224012,0.0,0.0,7.515853,0.138667000001
240,0.0973750198104,0.0972914153537,0.887432749345,0.888435224012,0.0,0.0,7.786133,0.163045
250,0.0973704676112,0.0972882025471,0.887432749345,0.888435224012,0.0,0.0,8.129081,0.180087
260,0.0973762550054,0.0972939840624,0.887432749345,0.888435224012,0.0,0.0,8.394712,0.129516
270,0.0973607801243,0.0972769836202,0.887432749345,0.888435224012,0.0,0.0,8.670646,0.197592
280,0.0973599322053,0.0972760670126,0.887432749345,0.888435224012,0.0,0.0,8.941356,0.128227999999
290,0.0972469657116,0.0971619594579,0.887432749345,0.888435224012,0.0,0.0,9.209385,0.14045
300,0.0972374401915,0.0971510512178,0.887432749345,0.888435224012,0.0,0.0,9.527849,0.128012000001
310,0.0972316760378,0.0971459092691,0.887432749345,0.888435224012,0.0,0.0,9.900115,0.157517000001
320,0.0972280883829,0.0971418037866,0.887432749345,0.888435224012,0.0,0.0,10.190878,0.130635000001
330,0.0972607768251,0.0971763250199,0.887432749345,0.888435224012,0.0,0.0,10.583243,0.172923
340,0.097205801016,0.0971208982246,0.887432749345,0.888435224012,0.0,0.0,10.865765,0.145930999999
350,0.0971993022137,0.0971123298335,0.887432749345,0.888435224012,0.0,0.0,11.197488,0.139251
360,0.0967705943084,0.0966846650689,0.887432749345,0.888435224012,0.0,0.0,11.49977,0.168694999999
370,0.0966596186665,0.0965760137962,0.887432749345,0.888435224012,0.0,0.0,11.788521,0.141928999999
380,0.0966538079622,0.0965693094826,0.887432749345,0.888435224012,0.0,0.0,12.046457,0.204829
390,0.0966426599922,0.0965580775508,0.887432749345,0.888435224012,0.0,0.0,12.309518,0.159644999997
400,0.0964492645162,0.0963643452161,0.887432749345,0.888435224012,0.0,0.0,12.717437,0.151100999999
410,0.0959844862368,0.0958981351027,0.887432749345,0.888435224012,0.0,0.0,13.082577,0.149695
420,0.096552515295,0.0964680405615,0.887432749345,0.888435224012,0.0,0.0,13.461266,0.171342999999
430,0.0959838310977,0.0958973999481,0.887432749345,0.888435224012,0.0,0.0,13.803673,0.156922999999
440,0.0959811150029,0.0958941491324,0.887432749345,0.888435224012,0.0,0.0,14.098279,0.179337999999
450,0.0959830974738,0.0958953459454,0.887432749345,0.888435224012,0.0,0.0,14.357969,0.156458
460,0.0959724710474,0.095886161331,0.887432749345,0.888435224012,0.0,0.0,14.696507,0.148248000001
470,0.0959621381963,0.0958754497319,0.887432749345,0.888435224012,0.0,0.0,15.310944,0.151979000001
480,0.0959549290523,0.0958671177653,0.887432749345,0.888435224012,0.0,0.0,15.618659,0.135313
490,0.0954988674331,0.095410897059,0.887432749345,0.888435224012,0.0,0.0,15.987521,0.181797
500,0.0954986646186,0.095410762512,0.887432749345,0.888435224012,0.0,0.0,16.247311,0.155593000002
510,0.0954926706177,0.0954058901916,0.887432749345,0.888435224012,0.0,0.0,16.530688,0.138497999999
520,0.0951324699626,0.0950437233857,0.887432749345,0.888435224012,0.0,0.0,16.793603,0.16527
530,0.0951188760334,0.0950306642287,0.887432749345,0.888435224012,0.0,0.0,17.081979,0.137625000001
540,0.0950917565842,0.0950045877945,0.887432749345,0.888435224012,0.0,0.0,17.45659,0.141044000001
550,0.0950913743483,0.095004238165,0.887432749345,0.888435224012,0.0,0.0,17.849087,0.155908000001
560,0.0949577431207,0.0948742231414,0.887432749345,0.888435224012,0.0,0.0,18.276075,0.167001000001
570,0.0949491257361,0.0948684879598,0.887432749345,0.888435224012,0.0,0.0,18.770088,0.174409
580,0.0949496589348,0.0948690011411,0.887432749345,0.888435224012,0.0,0.0,19.067369,0.129618
590,0.0949491877487,0.0948684473745,0.887432749345,0.888435224012,0.0,0.0,19.441043,0.158957999997
600,0.0867258109939,0.0866241088259,0.887432749345,0.888435224012,0.0,0.0,19.935074,0.176014
610,0.0835164701879,0.0834085032281,0.887432749345,0.888435224012,0.0,0.0,20.435906,0.163308999999
620,0.0818328989302,0.0817154101961,0.887432749345,0.888435224012,0.0,0.0,20.828941,0.155127
630,0.0815547790496,0.081440683275,0.887432749345,0.888435224012,0.0,0.0,21.216707,0.142873
640,0.0815235763671,0.0814240460039,0.887432749345,0.888435224012,0.0,0.0,21.615224,0.153393000001
650,0.0810354658886,0.0809281451997,0.887432749345,0.888435224012,0.0,0.0,21.905885,0.122432999998
660,0.0809821866368,0.0808669931036,0.887432749345,0.888435224012,0.0,0.0,22.300413,0.141849999999
670,0.0631354738078,0.0629587472504,0.887432749345,0.888435224012,0.0,0.0,22.685304,0.138224000001
680,0.0631169914754,0.0629341495167,0.887432749345,0.888435224012,0.0,0.0,23.123722,0.138263000003
690,0.0630477005194,0.0628447627594,0.887432749345,0.888435224012,0.0,0.0,23.680946,0.162808000001
700,0.06260817293,0.0624155631207,0.887432749345,0.888435224012,0.0,0.0,24.053122,0.160989
710,0.062616706766,0.062421686892,0.887432749345,0.888435224012,0.0,0.0,24.363066,0.134205999999
720,0.0625771910723,0.0623881000042,0.887432749345,0.888435224012,0.0,0.0,24.640172,0.160797
730,0.0625760210853,0.062387704196,0.887432749345,0.888435224012,0.0,0.0,24.905414,0.145135
740,0.0625875693266,0.0623947404847,0.887432749345,0.888435224012,0.0,0.0,25.255525,0.146414999999
750,0.0625071072004,0.0623187411092,0.887432749345,0.888435224012,0.0,0.0,25.587826,0.155218999998
760,0.0625070641062,0.0623186704235,0.887432749345,0.888435224012,0.0,0.0,25.887666,0.184696999999
770,0.0625061973775,0.0623178128451,0.887432749345,0.888435224012,0.0,0.0,26.244852,0.143971
780,0.0625011176029,0.0623147742702,0.887432749345,0.888435224012,0.0,0.0,26.762777,0.135728000002
790,0.062498864212,0.0623145931251,0.887432749345,0.888435224012,0.0,0.0,27.066472,0.156979999997
800,0.0624986108914,0.0623143291586,0.887432749345,0.888435224012,0.0,0.0,27.503247,0.131434999999
810,0.0625397881489,0.0623519598644,0.887432749345,0.888435224012,0.0,0.0,28.231719,0.179789
820,0.0622757709391,0.0620929286253,0.887432749345,0.888435224012,0.0,0.0,28.689027,0.183620000001
830,0.0620414565965,0.0618361319763,0.887432749345,0.888435224012,0.0,0.0,29.137555,0.144781000001
840,0.0621492201996,0.0619398201672,0.887432749345,0.888435224012,0.0,0.0,29.635844,0.180097999997
850,0.0596067464738,0.0593711538175,0.887432749345,0.888435224012,0.0,0.0,29.973706,0.151633999996
860,0.0595433696659,0.0593059499345,0.887432749345,0.888435224012,0.0,0.0,30.383996,0.178656000001
870,0.0594228188563,0.0591852036636,0.887432749345,0.888435224012,0.0,0.0,30.709005,0.170495000001
880,0.0592822943868,0.0590404356931,0.887432749345,0.888435224012,0.0,0.0,31.125752,0.174873000003
890,0.0715176690245,0.0713412944584,0.887432749345,0.888435224012,0.0,0.0,31.522288,0.179998999998
900,0.0592430118757,0.0590012303223,0.887432749345,0.888435224012,0.0,0.0,31.86036,0.151321999995
910,0.0592382702921,0.0589984324583,0.887432749345,0.888435224012,0.0,0.0,32.272217,0.198932999997
920,0.0592939724071,0.0590544781792,0.887432749345,0.888435224012,0.0,0.0,32.723929,0.171660000001
930,0.0592386855233,0.0589988172773,0.887432749345,0.888435224012,0.0,0.0,33.14555,0.186185
940,0.0592385425582,0.0589986945537,0.887432749345,0.888435224012,0.0,0.0,33.508311,0.168767
950,0.0592329330788,0.0589938782596,0.887432749345,0.888435224012,0.0,0.0,33.851051,0.160829999999
960,0.0592040414899,0.0589638594033,0.887432749345,0.888435224012,0.0,0.0,34.311225,0.162762999999
970,0.0591849546452,0.0589443952377,0.887432749345,0.888435224012,0.0,0.0,34.669774,0.163085000002
980,0.0591129507065,0.0588704155018,0.887432749345,0.888435224012,0.0,0.0,34.999794,0.185244
990,0.059043924872,0.0588042042066,0.887432749345,0.888435224012,0.0,0.0,35.389079,0.186670000002
1000,0.0590428765012,0.0588032902854,0.887432749345,0.888435224012,0.0,0.0,35.815468,0.187199000001
1010,0.059032506501,0.0587902346935,0.887432749345,0.888435224012,0.0,0.0,36.385112,0.158217999998
1020,0.0590424712283,0.0588004774247,0.887432749345,0.888435224012,0.0,0.0,36.779453,0.157724000001
1030,0.0590500444387,0.0588045806222,0.887432749345,0.888435224012,0.0,0.0,37.164642,0.157651999998
1040,0.0590302091526,0.0587889555629,0.887432749345,0.888435224012,0.0,0.0,37.591151,0.168971999998
1050,0.0590459165418,0.058806301785,0.887432749345,0.888435224012,0.0,0.0,37.994868,0.185502999999
1060,0.0589675830989,0.0587228015582,0.887432749345,0.888435224012,0.0,0.0,38.529317,0.206374000002
1070,0.0589145830275,0.0586616991627,0.887432749345,0.888435224012,0.0,0.0,38.926432,0.173024999997
1080,0.0588970850318,0.0586410868546,0.887432749345,0.888435224012,0.0,0.0,39.337009,0.165686999999
1090,0.0588926652863,0.0586327874752,0.887432749345,0.888435224012,0.0,0.0,39.715519,0.184958999996
1100,0.0588874169949,0.0586278379003,0.887432749345,0.888435224012,0.0,0.0,40.124983,0.184827999999
1110,0.0588707659007,0.0586088665032,0.887432749345,0.888435224012,0.0,0.0,40.702098,0.167042999994
1120,0.0588372708933,0.0585727163942,0.887432749345,0.888435224012,0.0,0.0,41.143448,0.281092000005
1130,0.0588369281829,0.058573100845,0.887432749345,0.888435224012,0.0,0.0,41.414705,0.146671999997
1140,0.0588391135677,0.0585754396929,0.887432749345,0.888435224012,0.0,0.0,41.685635,0.129867
1150,0.0583768209824,0.0581039944383,0.887432749345,0.888435224012,0.0,0.0,41.970179,0.131104000001
1160,0.0583768030662,0.0581039299359,0.887432749345,0.888435224012,0.0,0.0,42.252597,0.144601999993
1170,0.0583764062237,0.0581035524485,0.887432749345,0.888435224012,0.0,0.0,42.60289,0.144093999996
1180,0.0583745048717,0.0580997818842,0.887432749345,0.888435224012,0.0,0.0,42.915828,0.158775999996
1190,0.0583745038228,0.0580998327763,0.887432749345,0.888435224012,0.0,0.0,43.303373,0.131158000002
1200,0.0583873621986,0.0581088469839,0.887432749345,0.888435224012,0.0,0.0,43.594694,0.153397999999
1210,0.0551881286962,0.0548844181326,0.887432749345,0.888435224012,0.0,0.0,43.905912,0.139751999997
1220,0.0551913396929,0.0548941166302,0.887432749345,0.888435224012,0.0,0.0,44.282606,0.165136999996
1230,0.0539525474018,0.0536428994344,0.887432749345,0.888435224012,0.0,0.0,44.653862,0.163125000008
1240,0.0539525437194,0.0536428872002,0.887432749345,0.888435224012,0.0,0.0,44.959696,0.154356000006
1250,0.0539414366907,0.0536253000154,0.887432749345,0.888435224012,0.0,0.0,45.426755,0.153458999994
1260,0.0539300501203,0.0536178507572,0.887432749345,0.888435224012,0.0,0.0,45.78261,0.143671000005
1270,0.0539297042758,0.0536174546043,0.887432749345,0.888435224012,0.0,0.0,46.068181,0.174456000001
1280,0.0539299100872,0.0536176385877,0.887432749345,0.888435224012,0.0,0.0,46.329562,0.141555000002
1290,0.053926761292,0.0536163449125,0.887432749345,0.888435224012,0.0,0.0,46.734212,0.171118000007
1300,0.0538719791246,0.0535558413786,0.887432749345,0.888435224012,0.0,0.0,46.997452,0.135076
1310,0.0538715624926,0.0535554685461,0.887432749345,0.888435224012,0.0,0.0,47.258356,0.126463000001
1320,0.05386253267,0.0535454655819,0.887432749345,0.888435224012,0.0,0.0,47.517652,0.170277000004
1330,0.0538621572294,0.0535449103858,0.887432749345,0.888435224012,0.0,0.0,47.834745,0.151135000001
1340,0.0537932305878,0.0534703288795,0.887432749345,0.888435224012,0.0,0.0,48.168349,0.160408999997
1350,0.0537907972937,0.0534692015313,0.887432749345,0.888435224012,0.0,0.0,48.479935,0.134814000001
1360,0.0537895159177,0.0534715977758,0.887432749345,0.888435224012,0.0,0.0,48.830962,0.169282999998
1370,0.0537164096713,0.0534047306132,0.887432749345,0.888435224012,0.0,0.0,49.281849,0.138134000001
1380,0.0535260604586,0.0531986910459,0.887432749345,0.888435224012,0.0,0.0,49.572977,0.138120999997
1390,0.0493317684997,0.0489634400312,0.887432749345,0.888435224012,0.0,0.0,50.029403,0.162846
1400,0.0493317595814,0.0489634482871,0.887432749345,0.888435224012,0.0,0.0,50.440944,0.153923000006
1410,0.0493001905275,0.0489132952037,0.887432749345,0.888435224012,0.0,0.0,50.748701,0.172273
1420,0.0492964806815,0.0489030940184,0.887432749345,0.888435224012,0.0,0.0,51.005166,0.155039000002
1430,0.0492722748775,0.0488521421316,0.887432749345,0.888435224012,0.0,0.0,51.323347,0.136383999997
1440,0.0492547356856,0.0488728939254,0.887432749345,0.888435224012,0.0,0.0,51.589651,0.145660000002
1450,0.0487817509867,0.0483853095742,0.887432749345,0.888435224012,0.0,0.0,51.84863,0.184240000008
1460,0.0487550832478,0.0483640719224,0.887432749345,0.888435224012,0.0,0.0,52.112041,0.166077000006
1470,0.0487467317939,0.048344625838,0.887432749345,0.888435224012,0.0,0.0,52.58668,0.161690000001
1480,0.048687100133,0.0483018962714,0.887432749345,0.888435224012,0.0,0.0,53.120497,0.163750999997
1490,0.0485409219008,0.0481550456416,0.887432749345,0.888435224012,0.0,0.0,53.510155,0.187590000003
1500,0.048358805158,0.047970818188,0.887432749345,0.888435224012,0.0,0.0,54.040106,0.189677
1510,0.0481423461662,0.0477600232575,0.887432749345,0.888435224012,0.0,0.0,54.706126,0.207118
1520,0.0481016005158,0.047718542242,0.887432749345,0.888435224012,0.0,0.0,55.132126,0.217596
1530,0.0487727723036,0.0484038043803,0.887432749345,0.888435224012,0.0,0.0,55.640607,0.163486000003
1540,0.047672930116,0.0473154431792,0.887432749345,0.888435224012,0.0,0.0,56.244099,0.173331000003
1550,0.0476644960166,0.0473374928187,0.887432749345,0.888435224012,0.0,0.0,56.643366,0.215154999999
1560,0.047537001906,0.0472317210137,0.887432749345,0.888435224012,0.0,0.0,57.192924,0.207517
1570,0.0475504876462,0.0472447213884,0.887432749345,0.888435224012,0.0,0.0,57.748661,0.173079000008
1580,0.0475238693898,0.0472273465176,0.887432749345,0.888435224012,0.0,0.0,58.130082,0.163106000003
1590,0.0470144397981,0.0467022804418,0.887432749345,0.888435224012,0.0,0.0,58.67782,0.182867000001
1600,0.0470144397981,0.0467022804418,0.887432749345,0.888435224012,0.0,0.0,59.044502,0.189775999997
1610,0.0470063858801,0.0467063558805,0.887432749345,0.888435224012,0.0,0.0,59.397285,0.179279999996
1620,0.04700571774,0.0467073294774,0.887432749345,0.888435224012,0.0,0.0,60.072269,0.200299999998
1630,0.0470163022723,0.0467152611389,0.887432749345,0.888435224012,0.0,0.0,60.593948,0.209967999995
1640,0.0469821157647,0.0466696375685,0.887432749345,0.888435224012,0.0,0.0,61.137545,0.246081
1650,0.0469640486353,0.0466314330364,0.887432749345,0.888435224012,0.0,0.0,61.586475,0.21106
1660,0.0468707270281,0.0465436985442,0.887432749345,0.888435224012,0.0,0.0,62.453443,0.221237000003
1670,0.0466062020349,0.0462872784236,0.887432749345,0.888435224012,0.0,0.0,62.807152,0.161505000002
1680,0.0465470001712,0.0462277778645,0.887432749345,0.888435224012,0.0,0.0,63.243476,0.163069000003
1690,0.046117689902,0.0458243857114,0.887432749345,0.888435224012,0.0,0.0,63.571801,0.149166000007
1700,0.0460404857619,0.0457780606066,0.887432749345,0.888435224012,0.0,0.0,63.897441,0.157846999998
1710,0.0454132062673,0.0451124359519,0.887432749345,0.888435224012,0.0,0.0,64.2094,0.148641999998
1720,0.0454099611467,0.0450979032246,0.887432749345,0.888435224012,0.0,0.0,64.778414,0.201407999995
1730,0.0449994155393,0.0446814751802,0.887432749345,0.888435224012,0.0,0.0,65.120845,0.165574999998
1740,0.0434521753231,0.0431226578998,0.887432749345,0.888435224012,0.0,0.0,65.580196,0.147788999994
1750,0.043428799576,0.0430936511031,0.887432749345,0.888435224012,0.0,0.0,66.00707,0.159613999997
1760,0.0434345896775,0.0430896769323,0.887432749345,0.888435224012,0.0,0.0,66.322517,0.145854000005
1770,0.0431018064829,0.0427660294296,0.887432749345,0.888435224012,0.0,0.0,66.72205,0.163933999998
1780,0.0430777086655,0.0426835063261,0.887432749345,0.888435224012,0.0,0.0,67.042934,0.180618999996
1790,0.0432496644468,0.0428620276432,0.887432749345,0.888435224012,0.0,0.0,67.427559,0.148395000004
1800,0.043059221914,0.0426782118544,0.887432749345,0.888435224012,0.0,0.0,67.8795,0.173537999998
1810,0.0428093708416,0.0424286091171,0.887432749345,0.888435224012,0.0,0.0,68.193027,0.141198999994
1820,0.0399128336398,0.0395948630681,0.887432749345,0.888435224012,0.0,0.0,68.50989,0.174021
1830,0.0397825505836,0.0394528348878,0.887432749345,0.888435224012,0.0,0.0,68.834793,0.143679000001
1840,0.0390494604762,0.0387407383462,0.887432749345,0.888435224012,0.0,0.0,69.284575,0.158333
1850,0.0390036375699,0.038702228276,0.887432749345,0.888435224012,0.0,0.0,69.603743,0.158293
1860,0.038767419034,0.0384857410771,0.887432749345,0.888435224012,0.0,0.0,69.931419,0.176509999997
1870,0.0385698040862,0.0382514924026,0.887432749345,0.888435224012,0.0,0.0,70.360783,0.165653999999
1880,0.0384828185979,0.038136102885,0.887432749345,0.888435224012,0.0,0.0,70.707267,0.151954999998
1890,0.0384968154547,0.0381491336034,0.887432749345,0.888435224012,0.0,0.0,71.054946,0.177410000001
1900,0.0383948562033,0.0379752275136,0.887432749345,0.888435224012,0.0,0.0,71.462426,0.146871000002
1910,0.0382128045608,0.0378487768856,0.887432749345,0.888435224012,0.0,0.0,71.859035,0.156135000001
1920,0.0381588182238,0.0378072378114,0.887432749345,0.888435224012,0.0,0.0,72.190312,0.169978000005
1930,0.0380653124746,0.0376785437789,0.887432749345,0.888435224012,0.0,0.0,72.519198,0.172799000002
1940,0.0376468095316,0.0372143501399,0.897337563802,0.89660119179,0.517192162969,0.497587131367,72.94386,0.197492999995
1950,0.0375610511978,0.0371822863645,0.897806594013,0.896380489958,0.516322799687,0.492157923202,73.388519,0.189365999997
1960,0.0375313679583,0.0372701362417,0.896758173541,0.896490840874,0.509310254393,0.490770901194,73.782684,0.152519999998
1970,0.0372236009289,0.0369671951243,0.895930473169,0.894614875303,0.522894004554,0.504924831519,74.118574,0.193940000001
1980,0.0371947050759,0.0369409153634,0.896344323355,0.895608033547,0.52036256862,0.505230125523,74.520684,0.155459000001
1990,0.0370227708886,0.03698237834,0.887432749345,0.888435224012,0.0,0.0,74.948801,0.173771999994
2000,0.0369570234049,0.0368666712622,0.898634294385,0.897815051865,0.48773006135,0.470857142857,75.353576,0.151174999995
2010,0.0368751535457,0.0368380827062,0.897916954063,0.89660119179,0.387417218543,0.35512732278,75.776103,0.213101000006
2020,0.0368505869296,0.0367871417009,0.897475513864,0.895828735379,0.378595317726,0.343532684284,76.120646,0.148335000008
2030,0.0366992136291,0.036870669269,0.897475513864,0.896932244538,0.513612565445,0.496767241379,76.479135,0.172394000002
2040,0.0366765666083,0.0369202534243,0.897972134087,0.896711542706,0.514825505117,0.495145631068,76.89573,0.162747000011
2050,0.036590481348,0.0368421882025,0.899020554559,0.89660119179,0.51239008793,0.484314804623,77.300777,0.163957000009
2060,0.0365654629772,0.0366944253846,0.899875844944,0.897704700949,0.513212608987,0.484140233723,77.761671,0.152947999994
2070,0.0365983557049,0.0367269616866,0.900372465168,0.897594350033,0.483330948634,0.448275862069,78.158711,0.180466999997
2080,0.0365132628718,0.0365759798448,0.900179335081,0.898256455529,0.518882978723,0.491169977925,78.47624,0.176218000008
2090,0.0364450404679,0.0365102441071,0.900758725341,0.897925402781,0.515816395208,0.48295136948,78.929417,0.169286000014
2100,0.0361880859373,0.0361405077727,0.902248586012,0.898808210108,0.514191690662,0.478087649402,79.392419,0.15079200001
2110,0.0361789444527,0.036181731013,0.901641605739,0.898035753697,0.5266232904,0.491749174917,79.724236,0.177049000002
2120,0.0359477931506,0.0359830632157,0.901062215478,0.901125579342,0.529519811073,0.514626218852,80.155122,0.146784000007
2130,0.0359032539461,0.0359785058579,0.902083045937,0.89958066652,0.517077153354,0.488764044944,80.4769,0.167098
2140,0.0358306188973,0.0359013083518,0.900620775279,0.89958066652,0.547487437186,0.534764826176,80.828897,0.189220999993
2150,0.035810380506,0.0359703263556,0.900758725341,0.898918561024,0.547148432582,0.532653061224,81.250004,0.138726000006
2160,0.0359042735748,0.0358529618338,0.899213684646,0.897373648201,0.562357733317,0.54766536965,81.659329,0.174697999999
2170,0.0354264299745,0.0350734285687,0.899958614981,0.900573824763,0.563027235478,0.553739474988,82.004524,0.165429000007
2180,0.0353408159277,0.0350343513858,0.90040005518,0.900794526595,0.562848147251,0.551620947631,82.351974,0.159853999996
2190,0.0352293371838,0.0348663593519,0.899986204994,0.900132421099,0.561827632056,0.551758296186,82.800762,0.159078999995
2200,0.0354534200364,0.0350327036552,0.899655124845,0.900022070183,0.559418534222,0.548804780876,83.213791,0.161135
2210,0.0352589441947,0.0348002397467,0.899213684646,0.902339439417,0.564237146606,0.566813509545,83.717275,0.156502000004
2220,0.0352048786374,0.0348687464894,0.899875844944,0.899911719267,0.561344131512,0.549875930521,84.126445,0.171916999995
2230,0.035199626547,0.0348119390549,0.899655124845,0.899801368351,0.562492481655,0.550495049505,84.514888,0.172709999999
2240,0.0351863777114,0.0348643526193,0.900262105118,0.900132421099,0.561339643247,0.5481777334,84.87296,0.146411999996
2250,0.0376698360663,0.0374584692872,0.887432749345,0.888435224012,0.0,0.0,85.297749,0.164449000003
2260,0.0351331443508,0.0348491637627,0.901034625466,0.900573824763,0.559390738239,0.545179202423,85.63183,0.183479999992
2270,0.0354167649785,0.0349462679042,0.900979445441,0.901235930258,0.557841567081,0.54637607704,86.044677,0.163800999999
2280,0.0351454211559,0.0350103302232,0.901007035453,0.900132421099,0.557692307692,0.542235710673,86.400584,0.154978999999
2290,0.035134360487,0.0348130355892,0.900924265416,0.900353122931,0.557813077207,0.544169611307,86.7838,0.15536700001
2300,0.0351167568733,0.0348342888297,0.90108980549,0.900684175679,0.559744565885,0.545913218971,87.227673,0.165056999981
2310,0.0351247544873,0.0350125590994,0.901393295627,0.902780843081,0.554475193219,0.551197147224,87.558579,0.177695999988
2320,0.0352753459042,0.0350608059739,0.900675955304,0.901235930258,0.558931634403,0.549118387909,87.875827,0.183031000005
2330,0.0351003145703,0.0348375719063,0.900869085391,0.90090487751,0.558328211432,0.546006066734,88.456399,0.147229999995
2340,0.035094875866,0.0348347779945,0.901062215478,0.901566983006,0.556627101879,0.547208121827,88.804863,0.171050000002
2350,0.0351144911624,0.0350921930106,0.900593185267,0.901566983006,0.553918534109,0.547208121827,89.190433,0.208143999996
2360,0.0351127791226,0.0349488280756,0.901531245689,0.902229088501,0.557250961419,0.549796747967,89.551052,0.154343999985
2370,0.0349885292711,0.0348594582252,0.901420885639,0.900132421099,0.56100258017,0.543160020192,89.894431,0.173198000001
2380,0.0349631431544,0.0348712973832,0.901503655677,0.900242772015,0.561101549053,0.543434343434,90.217693,0.174768000009
2390,0.0345298983093,0.0344343918343,0.900344875155,0.89902891194,0.565342960289,0.546355974219,90.64987,0.149051999994
2400,0.0346024577291,0.0344498694808,0.89971030487,0.899249613772,0.563048443323,0.54824344384,91.034828,0.181164000006
2410,0.0343962898459,0.0345055470941,0.901669195751,0.89902891194,0.566528825103,0.541812719079,91.589673,0.147328000006
2420,0.0345923811872,0.034655996318,0.900869085391,0.898146104613,0.553387197017,0.528359734287,91.920325,0.19867999999
2430,0.0343722893911,0.0344831069906,0.902165815975,0.900353122931,0.561247216036,0.540925266904,92.250365,0.155544000009
2440,0.0343900520673,0.0343891037525,0.901945095875,0.900794526595,0.560148514851,0.543886352106,92.801813,0.162847000012
2450,0.0345262900764,0.0344966772464,0.901779555801,0.901125579342,0.567646344426,0.555114200596,93.173234,0.173432000006
2460,0.0342421184528,0.0343935348532,0.902469306111,0.903111895829,0.561903581609,0.55249745158,93.54357,0.200389999993
2470,0.0343084861379,0.0344275992587,0.901724375776,0.901346281174,0.561438069441,0.546653144016,93.880634,0.15767199999
2480,0.034229218063,0.0344102129524,0.902386536074,0.902670492165,0.562020302055,0.551373346897,94.283486,0.172497
2490,0.0341056334039,0.0338865723376,0.901972685888,0.901015228426,0.57166968053,0.555280118989,94.7482,0.165861999994
2500,0.0344274590544,0.0343314909078,0.901172575528,0.900353122931,0.567391304348,0.553191489362,95.127202,0.145634
2510,0.0341516501127,0.0339189314196,0.901751965788,0.900132421099,0.569771656397,0.548628428928,95.478897,0.191149999998
2520,0.0340875204917,0.0338055235385,0.90188991585,0.902229088501,0.574946210853,0.564405113078,95.937715,0.143232000002
2530,0.0347475539333,0.0342994970576,0.898634294385,0.899139262856,0.586354424679,0.576851851852,96.365665,0.165714000006
2540,0.0341005510593,0.0338184255695,0.902165815975,0.901787684838,0.570702179177,0.555888223553,96.723143,0.163764000001
2550,0.0340533030419,0.0339363739208,0.901972685888,0.901346281174,0.568863002063,0.552104208417,97.234132,0.155069999999
2560,0.0338610328892,0.0336929099428,0.902552076148,0.901898035754,0.569792935445,0.553490708187,97.582023,0.171091
2570,0.0338610328892,0.0336929099428,0.902552076148,0.901898035754,0.569792935445,0.553490708187,98.001004,0.154114999998
2580,0.033884847836,0.0337723624935,0.903352186508,0.903442948576,0.563923814266,0.551051821447,98.464163,0.146010999989
2590,0.0342633191821,0.0338634872314,0.900538005242,0.90090487751,0.582513028373,0.569923371648,98.801431,0.178557999996
2600,0.0339974605064,0.0338002311643,0.902248586012,0.902449790333,0.567768695864,0.554435483871,99.360827,0.156239000003
2610,0.0340545730401,0.033747145991,0.901448475652,0.901346281174,0.581046211588,0.570192307692,99.688844,0.180391000003
2620,0.0338029392745,0.0337102049339,0.905007587253,0.90388435224,0.547984770907,0.529951430113,100.053559,0.155885999998
2630,0.0337581395613,0.0337002467165,0.905559387502,0.904215404988,0.54895243115,0.529284164859,100.52422,0.168122000007
2640,0.0337473028261,0.0337271867689,0.905614567527,0.904325755904,0.547426908321,0.529060293319,100.882857,0.169410999995
2650,0.0336153122446,0.0335340032228,0.903848806732,0.903111895829,0.563228474746,0.546487603306,101.314473,0.143255000005
2660,0.0335953417987,0.0335162587218,0.904566147055,0.90388435224,0.564083175803,0.548470710213,101.744432,0.154090000003
2670,0.0335023284436,0.0333817725553,0.902965926335,0.903001544913,0.576927703597,0.563771712159,102.160573,0.159725000009
2680,0.0334963857742,0.0334140249223,0.902855566285,0.902891193997,0.578171798251,0.564787339268,102.526532,0.169764000006
2690,0.033482152271,0.0333836656567,0.902938336322,0.903001544913,0.576654632972,0.563771712159,102.98396,0.155901
2700,0.0334193385532,0.0334121486731,0.902938336322,0.903001544913,0.568449460255,0.556732223903,103.431339,0.162334999987
2710,0.033324243133,0.0329172073239,0.902248586012,0.903553299492,0.577056225379,0.5732421875,103.758709,0.149158000005
2720,0.0333012199366,0.0328254746323,0.902607256173,0.902339439417,0.570455098564,0.559482329517,104.11354,0.164076999995
2730,0.0332130046392,0.0329325341779,0.902662436198,0.904325755904,0.573088092933,0.572274296991,104.542024,0.171198999999
2740,0.0331700442339,0.0328661059816,0.902524486136,0.903553299492,0.570664722323,0.565174129353,104.887685,0.149243999998
2750,0.0332156056505,0.0328664335825,0.902607256173,0.903222246745,0.569512195122,0.56128064032,105.23805,0.168284000007
2760,0.0332174240653,0.0328895200974,0.902772796248,0.903332597661,0.571185203212,0.562874251497,105.874624,0.166312000008
2770,0.0332176596654,0.0327493523882,0.902276176024,0.903442948576,0.569414053003,0.563591022444,106.314254,0.165923000011
2780,0.0335703930167,0.0331159768894,0.901696785764,0.903663650408,0.566069906223,0.56328164082,106.660124,0.177053000006
2790,0.0330628643115,0.0327079751209,0.902993516347,0.903774001324,0.575976845152,0.567888999009,107.365659,0.176808999995
2800,0.0330967367721,0.0327298393803,0.903545316595,0.903774001324,0.576345128454,0.565737051793,107.833164,0.211886999994
2810,0.0330972579125,0.0327861002861,0.902827976273,0.902560141249,0.574329224075,0.562654779594,108.466457,0.191755000008
2820,0.033045165721,0.0326486948309,0.903241826459,0.90388435224,0.575680580762,0.568170550322,109.077956,0.227035999997
2830,0.0333180019517,0.0325751970068,0.903324596496,0.904767159567,0.577015934331,0.57128663686,109.449504,0.162954999991
2840,0.0330255821393,0.032722175791,0.904290246931,0.905760317811,0.568478666501,0.564285714286,109.877577,0.172576000005
2850,0.0335391820906,0.0332448495366,0.904814457167,0.905870668727,0.556327160494,0.548915917504,110.329401,0.159761000007
2860,0.033122500746,0.0326849293181,0.904455787005,0.906422423306,0.565876896076,0.56333676622,110.714768,0.172783999994
2870,0.0330159937127,0.0326513895389,0.903683266657,0.905760317811,0.56724928722,0.564729867482,111.080571,0.159303000018
2880,0.0330049389288,0.0327029283809,0.903793626707,0.905539615979,0.565266176287,0.56371049949,111.56846,0.186070999992
2890,0.0330040848016,0.0326933262148,0.903490136571,0.905208563231,0.56611262714,0.564180618975,111.913014,0.176554999995
2900,0.0331498144129,0.0327887352384,0.903159056422,0.905429265063,0.554115853659,0.552480417755,112.262729,0.147763999998
2910,0.0330136609205,0.0327413063056,0.904207476893,0.905208563231,0.57146383609,0.565063291139,112.592755,0.175861000003
2920,0.032966543252,0.0325823661694,0.903793626707,0.905760317811,0.569240271773,0.566497461929,112.975101,0.154094999996
2930,0.032962830674,0.0325859921996,0.903793626707,0.905870668727,0.568920756583,0.567224759006,113.413722,0.196249000014
2940,0.0331213979543,0.0327330465805,0.903545316595,0.905649966895,0.573033707865,0.570135746606,113.759198,0.155305999996
2950,0.0329342521438,0.0326272389066,0.904483377018,0.905539615979,0.575631282177,0.569849246231,114.207575,0.21823299999
2960,0.0331217497144,0.0327429021428,0.902496896124,0.902118737586,0.588495575221,0.57942152679,114.555465,0.170628999992
2970,0.0329341945678,0.0326272338635,0.904483377018,0.905539615979,0.575527219225,0.569849246231,114.995087,0.144077000005
2980,0.0329211057785,0.0325222731797,0.904179886881,0.905870668727,0.573708113416,0.570709612481,115.416171,0.172015999993
2990,0.0329212910781,0.0325221288624,0.904207476893,0.905870668727,0.573987730061,0.570709612481,115.791188,0.166800999998
3000,0.0329648787637,0.032492113029,0.90440060698,0.906422423306,0.576354077516,0.573869346734,116.123472,0.18639
3010,0.0329133527391,0.0324960117845,0.904179886881,0.905981019642,0.577956009236,0.576961271102,116.560562,0.159660000003
3020,0.0328975291522,0.0325316746454,0.903848806732,0.905649966895,0.57515543094,0.573140289566,116.978695,0.155398999997
3030,0.0329226288769,0.0324854061683,0.904179886881,0.905318914147,0.576515059139,0.571,117.484757,0.162734000004
3040,0.0329089890721,0.0325659866535,0.903766036695,0.905539615979,0.574737868812,0.573280159521,117.904414,0.161265000011
3050,0.0329024091511,0.0325328030985,0.903903986757,0.904767159567,0.579093655589,0.57298367145,118.322558,0.147707999995
3060,0.0333196931296,0.0331685230616,0.904124706856,0.904215404988,0.574715457104,0.566433566434,118.736774,0.163279999986
3070,0.0329666974698,0.0325300233786,0.902855566285,0.904987861399,0.583264291632,0.583856935718,119.050793,0.155268000002
3080,0.0329771541385,0.0328029579029,0.904648917092,0.904877510483,0.576988984088,0.570717131474,119.535219,0.147905999998
3090,0.0329011479178,0.0325548654652,0.903959166782,0.905539615979,0.574501894634,0.571142284569,119.986112,0.154188000005
3100,0.0328861860815,0.0324993069647,0.90382121672,0.905649966895,0.571112204724,0.570998494732,120.396575,0.158282999997
3110,0.0328834053388,0.0324893144188,0.90382121672,0.905208563231,0.570795370598,0.566380615851,120.815817,0.145113999998
3120,0.0330157173234,0.0326515468312,0.903048696372,0.904987861399,0.569679157482,0.567987957852,121.208889,0.184479000006
3130,0.0331882206675,0.0326203249716,0.903903986757,0.906422423306,0.564788204423,0.566018423746,121.540124,0.150146999988
3140,0.0328747850558,0.0324741995781,0.903959166782,0.905760317811,0.570829737394,0.568686868687,121.914328,0.171807999997
3150,0.0328635797237,0.03243376489,0.903766036695,0.905429265063,0.566708074534,0.564753682072,122.324927,0.141643999995
3160,0.0328741102006,0.0324296986408,0.903876396744,0.905429265063,0.56987654321,0.567390206966,122.852918,0.148952000005
3170,0.0330118598018,0.0326221761101,0.903628086633,0.905539615979,0.56549322055,0.564154786151,123.174858,0.17529999999
3180,0.0328549510994,0.0324008935748,0.903848806732,0.905208563231,0.569274502534,0.565942395149,123.522423,0.167044999994
3190,0.0328579342078,0.032420554935,0.90382121672,0.905318914147,0.568136769078,0.565789473684,123.919641,0.170614999992
3200,0.0328526585827,0.0324209352336,0.903986756794,0.905760317811,0.568345323741,0.566497461929,124.277091,0.157861999989
3210,0.0329375794209,0.0326490597925,0.904069526831,0.905539615979,0.56834264432,0.565482233503,124.693447,0.156344999996
3220,0.0328400193382,0.0323907268105,0.904235066906,0.905429265063,0.570154798762,0.565195332319,125.042611,0.148020000016
3230,0.0328600963549,0.0324492939196,0.904455787005,0.905429265063,0.569973922762,0.564753682072,125.487737,0.17501600001
3240,0.0327977550442,0.0323555826808,0.90451096703,0.905649966895,0.570755301997,0.566210045662,126.013409,0.157103
3250,0.0329331078991,0.0327138268535,0.905062767278,0.904877510483,0.568093385214,0.555211558308,126.369686,0.201376999998
3260,0.0328243039805,0.0323727096464,0.904676507104,0.905208563231,0.580652991868,0.573273720815,126.794182,0.146865
3270,0.0327609369477,0.0324586443658,0.905449027452,0.904546457736,0.576338237112,0.562025316456,127.352451,0.147631999992
3280,0.0327609369477,0.0324586443658,0.905449027452,0.904546457736,0.576338237112,0.562025316456,127.706177,0.142603000009
3290,0.0327609369477,0.0324586443658,0.905449027452,0.904546457736,0.576338237112,0.562025316456,128.134233,0.163307
3300,0.0329347374329,0.0328022778424,0.905283487378,0.905539615979,0.57327532629,0.561924257932,128.609085,0.162046999996
3310,0.0328108409567,0.0324443766022,0.905449027452,0.905208563231,0.576965806691,0.568124685772,128.951261,0.152345000002
3320,0.0327572437905,0.0324670872994,0.905476617464,0.904987861399,0.575464684015,0.564491654021,129.328345,0.168086000009
3330,0.0327595282811,0.0323758727119,0.905862877638,0.906091370558,0.576989833871,0.566921119593,129.788686,0.158262000011
3340,0.0328257969278,0.032318310976,0.905035177266,0.906201721474,0.575585696671,0.56983805668,130.116886,0.152538999993
3350,0.0333780091974,0.0327494190084,0.903269416471,0.903442948576,0.597011494253,0.587458745875,130.536154,0.157225000008
3360,0.0328158489258,0.0324253832416,0.905393847427,0.904877510483,0.577136514983,0.567269076305,130.947088,0.139153999993
3370,0.0327528432246,0.0323801468909,0.905228307353,0.906091370558,0.577750460971,0.569984840829,131.403763,0.163528999995
3380,0.0327728989981,0.0323119413581,0.904648917092,0.905981019642,0.565392354125,0.558549222798,131.807408,0.154401
3390,0.0327128850192,0.0320940171789,0.90531107739,0.905760317811,0.57619165226,0.566056910569,132.169717,0.156425999996
3400,0.0327128850192,0.0320940171789,0.90531107739,0.905760317811,0.57619165226,0.566056910569,132.537953,0.172842
3410,0.0327763477854,0.0321817733358,0.905062767278,0.905539615979,0.572280919826,0.563265306122,132.911578,0.155633000005
3420,0.0328137428429,0.0321769428553,0.905090357291,0.906091370558,0.572883039483,0.564705882353,133.258471,0.156592000005
3430,0.0329289883066,0.0323251370432,0.903655676645,0.904767159567,0.556740289414,0.549817423057,133.595826,0.152620000003
3440,0.0327461638297,0.032256057476,0.904731687129,0.905649966895,0.558496355965,0.550709406201,134.049979,0.146181000004
3450,0.0327930340946,0.0320937327739,0.904317836943,0.905429265063,0.569085487078,0.561636828645,134.419848,0.164393000001
3460,0.0327363958355,0.0319683780503,0.905090357291,0.905870668727,0.583938074504,0.577094695092,134.769667,0.147127000001
3470,0.0326010938775,0.0319277913415,0.905338667402,0.906201721474,0.578034682081,0.569402228977,135.127123,0.161449000009
3480,0.0327132850331,0.0321266163725,0.90520071734,0.904877510483,0.579539892315,0.565524193548,135.527772,0.140924000008
3490,0.0326957136026,0.0323035242495,0.905973237688,0.907415581549,0.553693033002,0.546731496488,136.050227,0.154652000009
3500,0.0325489840728,0.0320394316059,0.905697337564,0.906201721474,0.581640146879,0.570273003033,136.381299,0.170258999987
3510,0.0325273321432,0.0320375223478,0.906387087874,0.907305230633,0.582297180845,0.574036511156,136.713708,0.154500999996
3520,0.0325422950291,0.0320163673559,0.906635397986,0.907415581549,0.583763837638,0.575189873418,137.044797,0.157733999997
3530,0.0326604839953,0.0321996358868,0.905531797489,0.905981019642,0.580494976721,0.570564516129,137.535194,0.155867000006
3540,0.0325215674366,0.0320343963961,0.906276727825,0.907194879718,0.581495626463,0.573313039066,137.958508,0.171097000014
3550,0.0325112617546,0.0320337170555,0.906442267899,0.906974177886,0.58068505008,0.570555272542,138.274969,0.141265000001
3560,0.0325777518466,0.0320684224951,0.906166367775,0.906753476054,0.582032690181,0.57344775366,138.671116,0.168405
3570,0.0326204356831,0.0320217152283,0.905614567527,0.905649966895,0.567454798331,0.557682359027,139.034624,0.166919999994
3580,0.0325096730281,0.0321126865869,0.906414677887,0.905318914147,0.568337999491,0.551724137931,139.387815,0.163642000001
3590,0.0324632422818,0.032058830351,0.906938888122,0.907084528802,0.570263727863,0.560083594566,139.740947,0.182263
3600,0.032542760652,0.0321360145256,0.907159608222,0.905760317811,0.574104543729,0.555671175858,140.179879,0.172507000005
3610,0.0328143658368,0.0323952440551,0.907104428197,0.906643125138,0.553625878298,0.540716612378,140.515033,0.176578999999
3620,0.0324390566374,0.0320692217727,0.906966478135,0.906643125138,0.579551122195,0.565708418891,140.962447,0.141667
3630,0.0323066002002,0.0322710389076,0.907076838185,0.907746634297,0.584300172797,0.578203834511,141.305823,0.161125000002
3640,0.0322653601813,0.0322115111223,0.907297558284,0.907525932465,0.583023082651,0.573753814852,141.657126,0.170178000006
3650,0.0322465894378,0.0322784489428,0.907297558284,0.907636283381,0.585798816568,0.577486118122,142.092975,0.148779
3660,0.0322399358625,0.0322582448811,0.907076838185,0.907746634297,0.586444007859,0.578629032258,142.51288,0.169099000014
3670,0.0322429042636,0.0322232689385,0.907132018209,0.908408739793,0.585365853659,0.57995951417,142.877619,0.147285999993
3680,0.0320508475761,0.0324785411296,0.906994068147,0.906201721474,0.589253076642,0.574574574575,143.220289,0.163293000007
3690,0.0320701952245,0.0324743702402,0.907187198234,0.906091370558,0.588954056696,0.57343358396,143.549086,0.144539999995
3700,0.0321825111726,0.0325661658516,0.908842598979,0.906643125138,0.567652447003,0.546137339056,144.063655,0.154941999989
3710,0.0321119328403,0.0323888968733,0.907104428197,0.90631207239,0.589940323956,0.575712143928,144.471556,0.155005999996
3720,0.0319429572238,0.0323084815122,0.907435508346,0.907305230633,0.588191972505,0.577889447236,144.805862,0.167746000013
3730,0.0319715344475,0.0323250523421,0.907049248172,0.907305230633,0.587182943267,0.577464788732,145.177709,0.149515999994
3740,0.0319457456021,0.0323047677544,0.907407918334,0.907194879718,0.5883218842,0.577599196384,145.686241,0.151092999994
3750,0.0320610517277,0.0325402095902,0.906028417713,0.905208563231,0.576157292185,0.558808423215,146.02803,0.150181000006
3760,0.0320211960087,0.0322879645533,0.906828528073,0.906201721474,0.584471514704,0.568965517241,146.419114,0.155883000002
3770,0.0319491841961,0.0323191055635,0.907214788247,0.906974177886,0.58690578553,0.575314861461,146.901774,0.157709999992
3780,0.0319763890189,0.0323908022004,0.907683818458,0.906532774222,0.5822721598,0.565863659662,147.306253,0.174377999996
3790,0.0319429572238,0.0323084815122,0.907435508346,0.907305230633,0.588191972505,0.577889447236,147.675714,0.141996
3800,0.0320861583211,0.0322962170594,0.906745758036,0.90631207239,0.584562438545,0.570126582278,148.104142,0.172570999993
3810,0.0318722873161,0.0321038825949,0.907242378259,0.907194879718,0.588091154129,0.577174459527,148.524205,0.142560000003
3820,0.0318961986368,0.032116928469,0.907269968271,0.907084528802,0.589270438714,0.578156312625,148.899174,0.174180000004
3830,0.0318885313648,0.0321570593969,0.907573458408,0.907084528802,0.585498638951,0.572588832487,149.252113,0.150771000001
3840,0.0321228230793,0.0322992497792,0.90531107739,0.905318914147,0.567867036011,0.556359875905,149.575163,0.192388000013
3850,0.0318660813298,0.0320901751324,0.907159608222,0.90686382697,0.587875076546,0.575025176234,150.025899,0.173441000009
3860,0.0318660813298,0.0320901751324,0.907159608222,0.90686382697,0.587875076546,0.575025176234,150.356785,0.179829000013
3870,0.031915556905,0.0320540345389,0.906635397986,0.906422423306,0.584479371316,0.571717171717,150.850403,0.170695000009
3880,0.032252059232,0.0327406129945,0.90702165816,0.905539615979,0.584668474242,0.566801619433,151.233162,0.144281999983
3890,0.0318660813298,0.0320901751324,0.907159608222,0.90686382697,0.587875076546,0.575025176234,151.574771,0.17053299999
3900,0.0320550258776,0.0323687187276,0.906304317837,0.905539615979,0.586156470875,0.570712136409,151.918307,0.144411999982
3910,0.0318530287034,0.0319977586185,0.907545868396,0.907194879718,0.589388555324,0.577174459527,152.283607,0.164172999998
3920,0.0321975630381,0.0322879013215,0.90782176852,0.906974177886,0.58075040783,0.566134843026,152.612903,0.148769999973
3930,0.0318776277313,0.0320343914012,0.907683818458,0.906643125138,0.59015188633,0.573588709677,152.991487,0.181761999985
3940,0.0318439698574,0.0320255792979,0.907573458408,0.906643125138,0.590364392272,0.574874371859,153.474254,0.184745999974
3950,0.0319150011102,0.0319756176569,0.907518278383,0.906532774222,0.595949855352,0.581314878893,153.888014,0.151632999988
3960,0.0322729924534,0.0325729460078,0.908208028694,0.906422423306,0.557873754153,0.538126361656,154.274124,0.150300000028
3970,0.0318425294427,0.0320064049981,0.90691129811,0.907636283381,0.594276094276,0.587074494327,154.742419,0.143812000008
3980,0.0318459601355,0.0320014241457,0.90680093806,0.90686382697,0.595158197507,0.585868498528,155.072209,0.156036999972
3990,0.0320836618973,0.0317385194739,0.906938888122,0.907636283381,0.591992258377,0.58543833581,155.551466,0.148818000004
4000,0.0324664969046,0.0325295864236,0.904952407229,0.903222246745,0.607407407407,0.591903210796,155.961599,0.157604999994
4010,0.0318321809317,0.0318757371436,0.906414677887,0.906974177886,0.591423753312,0.584524396254,156.400632,0.17125700002
4020,0.0318312767106,0.0319121205568,0.906249137812,0.906753476054,0.590701035895,0.583538689009,156.726544,0.151300999998
4030,0.0318133705778,0.0319336455013,0.90680093806,0.905760317811,0.591831802803,0.578895463511,157.214596,0.15465600002
4040,0.0318112997634,0.0319288765597,0.906525037936,0.905429265063,0.593081912083,0.579283259696,157.634617,0.153182999994
4050,0.0320065071353,0.0320761094336,0.906166367775,0.905649966895,0.591471471471,0.580676802354,158.091284,0.158991999991
4060,0.0324210039167,0.0319283134405,0.905062767278,0.905318914147,0.585771036475,0.57858546169,158.442679,0.145941999973
4070,0.0317971783083,0.0319389399772,0.906497447924,0.905429265063,0.593206097707,0.580518844836,158.816807,0.186209000002
4080,0.0319714857004,0.0322773394461,0.90691129811,0.904877510483,0.595055208833,0.578277886497,159.224983,0.151928000008
4090,0.0318522692169,0.0320632729932,0.907132018209,0.905539615979,0.594457831325,0.577075098814,159.753119,0.14281100001
4100,0.0317884780704,0.0319195246623,0.907214788247,0.90631207239,0.594281577995,0.579494799406,160.092274,0.172025000024
4110,0.03178291152,0.0319238990472,0.907242378259,0.905981019642,0.59552454283,0.580295566502,160.436868,0.153138000009
4120,0.0318240194167,0.0319316403052,0.907049248172,0.906091370558,0.596961359014,0.582638548308,160.801719,0.155157999995
4130,0.0317848081351,0.0319084779889,0.907380328321,0.906091370558,0.595590892664,0.581406787998,161.226111,0.155427999994
4140,0.031762245983,0.0318568920877,0.907297558284,0.905649966895,0.594985535198,0.580265095729,161.557446,0.143558000007
4150,0.0318231896722,0.0318818306487,0.90702165816,0.90631207239,0.588823816496,0.576980568012,161.967196,0.171030999976
4160,0.031761152194,0.0318743353674,0.907380328321,0.905870668727,0.595590892664,0.580835380835,162.287118,0.177867999991
4170,0.0317613474699,0.0318905221259,0.907104428197,0.905870668727,0.593799010737,0.580423020167,162.717839,0.147880999976
4180,0.0317555684966,0.0318777608186,0.90691129811,0.905760317811,0.595055208833,0.58137254902,163.145412,0.168730000023
4190,0.0317558089076,0.0318830145183,0.90691129811,0.906201721474,0.595540637737,0.5849609375,163.487007,0.148687000004
4200,0.0317613145343,0.0318581000861,0.907159608222,0.905981019642,0.596183847354,0.582761998041,163.864471,0.151911999999
4210,0.031817515134,0.0320255534109,0.906718168023,0.904877510483,0.595332136445,0.581146744412,164.19474,0.166288999982
4220,0.031753977876,0.0318871136456,0.906966478135,0.905760317811,0.595683453237,0.582191780822,164.538741,0.145345
4230,0.0317531797322,0.031887076734,0.907104428197,0.905870668727,0.595458368377,0.582476749878,164.89915,0.151185999972
4240,0.0317422974839,0.0318769225784,0.907159608222,0.905760317811,0.595795795796,0.581782566112,165.324926,0.174229999983
4250,0.0317408744414,0.0318998819779,0.907435508346,0.905649966895,0.599785279733,0.583941605839,165.754811,0.147980999987
4260,0.031816929275,0.0319981654268,0.906966478135,0.90443610682,0.595780388396,0.576735092864,166.149396,0.160571000004
4270,0.031738709083,0.0318987560452,0.907297558284,0.905539615979,0.596638655462,0.58243902439,166.517094,0.143802999967
4280,0.0317373495759,0.0318937065446,0.90760104842,0.906201721474,0.59606802557,0.583741429971,166.939018,0.154175000017
4290,0.0317357268427,0.0318856281584,0.907490688371,0.905870668727,0.595097210482,0.582067613915,167.375719,0.150212000017
4300,0.0317356485764,0.0318850353927,0.907380328321,0.905760317811,0.595200771735,0.581782566112,167.752061,0.141595999992
4310,0.031770733766,0.0319034264798,0.907628638433,0.906091370558,0.592303945446,0.580994583949,168.15618,0.170737000034
4320,0.0322495715974,0.0319836558471,0.906580217961,0.905760317811,0.589376667475,0.579310344828,168.588833,0.159497000026
4330,0.0317626326604,0.0318737614968,0.907214788247,0.905760317811,0.592511813886,0.580137659784,169.027813,0.159944000003
4340,0.0317337366061,0.0318787675078,0.907545868396,0.905870668727,0.595240971132,0.582476749878,169.438283,0.147017999979
4350,0.0318596317936,0.0318542554034,0.907104428197,0.905760317811,0.596621540673,0.585034013605,169.779511,0.196867000003
4360,0.0317332811597,0.0318876155426,0.907573458408,0.905870668727,0.594823415578,0.582067613915,170.236107,0.143342000055
4370,0.0317332811597,0.0318876155426,0.907573458408,0.905870668727,0.594823415578,0.582067613915,170.721848,0.155380999981
4380,0.0341964485304,0.0335115224149,0.887156849221,0.889980136835,0.610846812559,0.613116026387,171.041287,0.147531000002
4390,0.031740974641,0.0318893426461,0.907407918334,0.905760317811,0.594685990338,0.582191780822,171.446955,0.165890999988
4400,0.0317405190946,0.0318487765225,0.907407918334,0.905649966895,0.594881699662,0.581497797357,171.768128,0.15559500001
4410,0.0318648144624,0.0321803422247,0.907407918334,0.905649966895,0.592520641088,0.576942107867,172.212709,0.14150700001
4420,0.0317245613212,0.0321990882739,0.907573458408,0.905429265063,0.594037809016,0.5780403742,172.606727,0.15218800001
4430,0.0317209481394,0.0322155953957,0.907490688371,0.905318914147,0.593131901468,0.576505429418,172.966188,0.174177999983
4440,0.0316970658658,0.0321383077421,0.90851151883,0.906643125138,0.594720117331,0.580773042616,173.378,0.142340999985
4450,0.0316918765666,0.0321493617063,0.908290798731,0.905760317811,0.594436310395,0.57847976308,173.793924,0.165454000021
4460,0.0316918765666,0.0321493617063,0.908290798731,0.905760317811,0.594436310395,0.57847976308,174.136608,0.155171999968
4470,0.0316786165775,0.0320764715948,0.908042488619,0.906091370558,0.594476213651,0.580581567275,174.517006,0.162787000028
4480,0.0316785992761,0.0320781772298,0.908125258656,0.905981019642,0.59528439475,0.580708661417,174.927475,0.160331000013
4490,0.0316785992761,0.0320781772298,0.908125258656,0.905981019642,0.59528439475,0.580708661417,175.258541,0.144810999995
4500,0.0318145168513,0.0321582695516,0.907518278383,0.906201721474,0.604996464765,0.591346153846,175.680644,0.152427999986
4510,0.0316718085218,0.0320918743875,0.908070078632,0.905870668727,0.595532896334,0.580423020167,176.01261,0.158557999994
4520,0.0316716268887,0.0320914772574,0.908070078632,0.905870668727,0.595336410007,0.580423020167,176.49591,0.160539999994
4530,0.0316843387257,0.0321032845161,0.90782176852,0.906422423306,0.594882987753,0.581441263574,176.844339,0.143684999971
4540,0.0316625663129,0.0320779211088,0.908125258656,0.906643125138,0.596167838952,0.583661417323,177.251164,0.157927000006
4550,0.0316625663129,0.0320779211088,0.908125258656,0.906643125138,0.596167838952,0.583661417323,177.611485,0.145692000034
4560,0.0316781084024,0.0321063461233,0.908125258656,0.905429265063,0.595382746051,0.577207696103,178.003923,0.153286000001
4570,0.0317560064846,0.0320401741673,0.907932128569,0.906643125138,0.601075911536,0.58932038835,178.428477,0.156275999994
4580,0.0317022060015,0.0320845146579,0.909780659401,0.907084528802,0.599853157122,0.586849852797,178.854596,0.144344000024
4590,0.0316402350917,0.0320105172858,0.908456338805,0.905981019642,0.597818181818,0.581943081452,179.228641,0.171889000023
4600,0.0316402350917,0.0320105172858,0.908456338805,0.905981019642,0.597818181818,0.581943081452,179.675584,0.144010999963
4610,0.0317049247665,0.0318476167602,0.908373568768,0.906643125138,0.597990558044,0.584887144259,180.126459,0.15617200002
4620,0.0317221289548,0.0321079119958,0.907159608222,0.905760317811,0.601256072994,0.588631984586,180.506979,0.146268000021
4630,0.0316686123041,0.0321016033267,0.907628638433,0.907305230633,0.592898832685,0.582919563059,180.857961,0.188615999986
4640,0.0320959592919,0.0320879275629,0.907407918334,0.907084528802,0.587613664291,0.576884422111,181.244431,0.141052999978
4650,0.0316596727342,0.0319345177713,0.907738998483,0.906643125138,0.594371664241,0.581188118812,181.675483,0.169595000002
4660,0.031614775621,0.0319848718571,0.908594288867,0.906974177886,0.597301568008,0.579131303045,182.026612,0.139670999982
4670,0.0317214491286,0.0319404154407,0.908373568768,0.90686382697,0.597112701686,0.581349206349,182.370014,0.15594500002
4680,0.0315832713195,0.0319385260929,0.908456338805,0.907305230633,0.599081681972,0.584569732938,182.696433,0.143765999987
4690,0.0315859763883,0.0319158299963,0.908180438681,0.906974177886,0.599711330286,0.584933530281,183.064137,0.174493999982
4700,0.0328993951167,0.0331808982939,0.887432749345,0.888435224012,0.0,0.0,183.589151,0.146231999997
4710,0.0318566634246,0.0321200018429,0.906938888122,0.904767159567,0.599643916914,0.581677169171,183.976976,0.167841999979
4720,0.0316845706463,0.0320243181974,0.90851151883,0.906422423306,0.601825168108,0.585532746823,184.308208,0.16794800001
4730,0.0315685496616,0.031973689419,0.90782176852,0.906091370558,0.60202501489,0.5854846566,184.746847,0.144278999984
4740,0.0315685496616,0.031973689419,0.90782176852,0.906091370558,0.60202501489,0.5854846566,185.220991,0.174143999965
4750,0.0315944863788,0.0319312967614,0.908483928818,0.90631207239,0.600794319413,0.580326248146,185.547814,0.163707000009
4760,0.0315605565506,0.0319566477554,0.908235618706,0.906753476054,0.598696911197,0.583538689009,185.981906,0.175129999966
4770,0.0316977427109,0.0321473735864,0.908373568768,0.906422423306,0.598767669445,0.582677165354,186.33945,0.157079000021
4780,0.0315547527665,0.0320098410267,0.908594288867,0.906753476054,0.597105679193,0.578973592427,186.666551,0.15390599997
4790,0.0315467974645,0.0320235631688,0.908566698855,0.906643125138,0.596738865904,0.577844311377,187.020445,0.211051999961
4800,0.0315427624404,0.0320076312089,0.908677058905,0.907084528802,0.597910592809,0.580677290837,187.500197,0.156236000003
4810,0.0315526341156,0.0320260230987,0.908677058905,0.906643125138,0.596538274013,0.576576576577,187.836602,0.151803000003
4820,0.031546032789,0.0319954320726,0.908677058905,0.907415581549,0.598203447439,0.583209140586,188.223599,0.171253999986
4830,0.0315427624404,0.0320076312089,0.908677058905,0.907084528802,0.597910592809,0.580677290837,188.6383,0.16375100003
4840,0.0315367548032,0.0320046248835,0.908594288867,0.90686382697,0.597007663301,0.57926221336,188.97464,0.144068999995
4850,0.0315252901276,0.0319382852054,0.908345978756,0.90631207239,0.600048157958,0.582390555829,189.336183,0.198790000014
4860,0.0315252901276,0.0319382852054,0.908345978756,0.90631207239,0.600048157958,0.582390555829,189.789851,0.149659000008
4870,0.0315251855793,0.0319374086054,0.908318388743,0.906532774222,0.599879590608,0.58337432366,190.198754,0.146856000004
4880,0.0333386507769,0.0331168082172,0.900620775279,0.897152946369,0.625493865669,0.607082630691,190.54708,0.160621999999
4890,0.0315239895506,0.0319511112388,0.908401158781,0.906422423306,0.600192678227,0.582677165354,191.08245,0.144656000007
4900,0.0315554306212,0.0320088898405,0.908014898607,0.90443610682,0.603095238095,0.582449373192,191.503711,0.157849000035
4910,0.0316721168399,0.0322210921639,0.907463098358,0.904877510483,0.59889978474,0.579512195122,191.89308,0.152972000046
4920,0.0315810690073,0.0319839204185,0.908401158781,0.905649966895,0.599614085866,0.577777777778,192.232145,0.180999999974
4930,0.0318044941098,0.0322665519765,0.907656228445,0.905208563231,0.598825362579,0.577471716675,192.685786,0.153616000029
4940,0.0316932825372,0.0321144217835,0.907573458408,0.905318914147,0.597065191244,0.57858546169,193.5523,0.187389000002
4950,0.0315089401954,0.0319354300287,0.908483928818,0.906091370558,0.600698206332,0.582228767796,193.953595,0.162847999995
4960,0.0317635873475,0.0320990477739,0.906662987998,0.904877510483,0.597405688445,0.581959262852,194.324987,0.16651700001
4970,0.0315037863116,0.0319421419492,0.908180438681,0.906091370558,0.600863516431,0.583863080685,194.750824,0.150615000006
4980,0.0315112094824,0.0319622052661,0.908566698855,0.905760317811,0.602351811855,0.58137254902,195.214915,0.173937000021
4990,0.0314975494693,0.0319567717695,0.90851151883,0.905429265063,0.602969348659,0.582155046319,195.560959,0.173991999996
