iterations,fitness,time,fevals
0,0.0229525715392,3.251992
10,0.0242562097158,5.719182
20,0.0234910000671,8.334958
30,0.0270073484113,10.647917
40,0.0254031203073,12.936937
50,0.0254245523975,15.263895
60,0.0250291612826,17.573239
70,0.0256075074776,19.978378
80,0.0257141997294,22.306623
90,0.0279625377848,24.604399
100,0.0263442889234,26.908255
110,0.0277013274468,29.243108
120,0.0271159908483,31.54233
130,0.0279586973278,33.826411
140,0.0285884310719,36.224378
150,0.0293609625281,38.526002
160,0.0294301318606,40.828158
170,0.029249519996,43.134141
180,0.0300954878806,45.466114
190,0.0301231849613,47.769683
200,0.0303688219655,50.051006
210,0.0309440521041,52.363125
220,0.0310089038066,54.67472
230,0.0330204538171,56.993244
240,0.0316753951475,59.299727
250,0.0333425280454,61.608223
260,0.0315957501596,63.944653
270,0.0330689412421,66.251381
280,0.0319645336422,68.54574
290,0.0317618149396,70.898369
300,0.0313209342027,73.464535
310,0.0323919747717,76.581686
320,0.031328659393,81.245285
330,0.0312789350437,83.71184
340,0.0326180515998,86.384761
350,0.033175215266,88.905257
360,0.0318084781292,91.260887
370,0.0325427182525,93.530599
380,0.0315834486266,95.808643
390,0.0333642802185,98.093688
400,0.0322968713431,100.3916
410,0.033031889624,102.800797
420,0.0329031953214,105.373891
430,0.0329677019938,107.784919
440,0.0323890104258,110.075933
450,0.0329978183265,112.494617
460,0.0333674934755,114.937705
470,0.0328432665946,117.25346
480,0.0328943005399,119.612668
490,0.0325194719776,121.909116
500,0.0326943163288,124.188684
510,0.0344741379154,126.468192
520,0.0332091517469,129.292728
530,0.0343637138564,131.845555
540,0.0348770414814,134.243906
550,0.0341221632422,136.621311
560,0.0358354269852,138.977135
570,0.0343867999006,141.297287
580,0.0358925612346,144.212167
590,0.0361977920074,146.798268
600,0.0351598755988,149.138277
610,0.0335124150757,151.803201
620,0.0352520385641,154.146664
630,0.034201842467,156.571385
640,0.0334453403682,158.909844
650,0.0349419569213,161.225362
660,0.0336281552672,163.53068
670,0.0351372257942,165.848185
680,0.0353018553983,168.126168
690,0.0352107631658,170.441945
700,0.0346705384857,172.71744
710,0.0349094486706,174.984375
720,0.0347129516568,177.273358
730,0.0342623834066,179.689915
740,0.033678221847,182.023146
750,0.0340046066717,184.311187
760,0.0348593261374,186.785859
770,0.0346354388141,189.452307
780,0.0355195686536,191.803891
790,0.0333580329888,194.122984
800,0.035586488718,196.438707
810,0.0357917487727,198.777401
820,0.034600967421,201.102089
830,0.0340404455731,203.382404
840,0.0358729128898,205.693245
850,0.035140800469,207.982096
860,0.0352317306937,210.303832
870,0.0351434318586,212.590729
880,0.0360842547959,214.873887
890,0.0358176994962,217.154616
900,0.0350437195794,219.474016
910,0.0357754179441,221.754583
920,0.0354400920057,224.061391
930,0.0347117853494,226.34912
940,0.0358059313218,228.731348
950,0.0364579308632,231.013632
960,0.0363090974644,233.285173
970,0.0362582271726,235.558705
980,0.0364195226115,237.861684
990,0.0374083003808,240.158562
1000,0.03716952663,242.499264
1010,0.0361673331406,244.762385
1020,0.0364959305093,247.045489
1030,0.0358314285222,249.328348
1040,0.0367922099278,251.764836
1050,0.03873796554,254.133393
1060,0.037734919101,256.421488
1070,0.0379444358953,258.783547
1080,0.0370593716248,261.370821
1090,0.0389158857195,263.681415
1100,0.0398641521168,266.083391
1110,0.0381017641372,268.477653
1120,0.0387205873935,270.821224
1130,0.0394796095804,273.088274
1140,0.0386142867429,275.424976
1150,0.0394217971901,277.845221
1160,0.039003444576,280.161709
1170,0.0398227318441,282.46923
1180,0.0379768132054,284.915334
1190,0.0377242603291,287.209502
1200,0.0381595466711,289.511186
1210,0.0383810708218,291.805137
1220,0.0395175595042,294.09101
1230,0.0406221976408,296.374298
1240,0.0378666949421,298.653163
1250,0.0392209713248,300.961349
1260,0.0393226693376,303.279095
1270,0.0392623826466,305.591221
1280,0.0383208003568,307.887125
1290,0.0395535412174,310.177993
1300,0.0389870076264,312.490677
1310,0.038366471594,314.789867
1320,0.0380449597058,317.075541
1330,0.0398138896886,319.412733
1340,0.0382439857149,321.718961
1350,0.0382631603182,324.004476
1360,0.0375732680633,326.271143
1370,0.0410345356978,328.76675
1380,0.0386880294872,331.107143
1390,0.0379438337326,333.380551
1400,0.040031362827,335.654365
1410,0.0404591867711,337.958896
1420,0.0400457936718,340.237465
1430,0.0409749874336,342.541051
1440,0.0392175841647,344.922067
1450,0.0386348199298,347.357415
1460,0.039012931069,349.711494
1470,0.0386397118643,352.030203
1480,0.04109044167,354.319062
1490,0.0395953635379,356.621093
1500,0.0397650465667,359.132634
1510,0.039604396117,361.456739
1520,0.0417136093357,363.855972
1530,0.0407205448887,366.172065
1540,0.0407766890587,368.493632
1550,0.0411565781443,370.811026
1560,0.0406951592607,373.162818
1570,0.0391850843812,375.472735
1580,0.0397070936421,377.973971
1590,0.0401868774967,380.327928
1600,0.041960946477,382.610269
1610,0.0408656595722,384.891122
1620,0.0382322745332,387.192795
1630,0.0402838854425,389.521472
1640,0.0406577846225,391.961114
1650,0.0394218292495,394.286437
1660,0.0396044726337,396.56339
1670,0.0410989444382,398.928246
1680,0.0395338773267,401.210599
1690,0.0394393865757,403.564024
1700,0.0402713764417,405.938721
1710,0.0404445470287,408.266765
1720,0.0403437856136,410.638491
1730,0.0401568812162,413.042603
1740,0.0406079658402,415.399292
1750,0.040611681427,417.755348
1760,0.0420015022106,420.09632
1770,0.0410811821255,422.41821
1780,0.0419170644921,424.693539
1790,0.0398384130323,427.06154
1800,0.0412531156477,429.48245
1810,0.0403913449283,431.799914
1820,0.0405051401641,434.422552
1830,0.0420535903409,436.814868
1840,0.0414493106619,439.18037
1850,0.0414175173429,441.472374
1860,0.0407664461172,443.753261
1870,0.0415465665174,446.048148
1880,0.0398714016259,448.359034
1890,0.0404094083429,450.655745
1900,0.0429850462739,452.916034
1910,0.0421938560852,455.181738
1920,0.0428815384042,457.506586
1930,0.0422856222838,459.857542
1940,0.0431148280652,462.235313
1950,0.042337685061,464.573741
1960,0.0419237867208,466.931037
1970,0.0423067575068,469.211428
1980,0.0416490914464,471.496316
1990,0.041530040773,473.82598
2000,0.0425588461892,476.105663
2010,0.0422610274762,478.410857
2020,0.0410270125978,480.721181
2030,0.0430226255653,482.999171
2040,0.043352321901,485.2626
2050,0.0414311885787,487.748029
2060,0.0411999875872,490.031494
2070,0.0414686778644,492.44653
2080,0.0420839039246,494.796819
2090,0.0430834994591,497.154444
2100,0.0440598069042,499.486398
2110,0.0412420427255,501.81713
2120,0.0410807060157,504.164968
2130,0.0424442480291,506.519083
2140,0.0423014878589,508.834589
2150,0.0413039167055,511.107913
2160,0.0415570397952,513.372595
2170,0.0440375678013,515.640469
2180,0.0417036195411,517.915815
2190,0.0417290817423,520.192332
2200,0.0421432969048,522.496779
2210,0.0428240635782,524.841419
2220,0.0446850549831,527.165985
2230,0.0427832060364,529.460811
2240,0.0419136182054,531.804012
2250,0.0425280957241,534.110804
2260,0.0427792488202,536.426277
2270,0.0418048969942,538.741732
2280,0.0430717081688,541.033829
2290,0.0441346087509,543.755373
2300,0.0425951013076,546.259929
2310,0.0434068721352,548.803778
2320,0.0415769401508,551.679305
2330,0.0415119183876,554.606363
2340,0.0424153134843,557.261423
2350,0.0418690559331,559.670552
2360,0.0438711046906,562.139066
2370,0.0446286536885,564.792127
2380,0.0430811496407,569.481882
2390,0.042701049889,573.869415
2400,0.0437471729601,578.697981
2410,0.0441087019067,581.119584
2420,0.0448636231949,584.43457
2430,0.0420176263502,587.515911
2440,0.0435774417625,590.636616
2450,0.0436658328804,593.434413
2460,0.0423641505252,596.261773
2470,0.0440420860627,599.6584
2480,0.0440053694846,602.830822
2490,0.0424032215987,605.399197
2500,0.0444686984349,607.835718
2510,0.0446048422579,610.209436
2520,0.0428552867235,613.025967
2530,0.0429597071154,615.717168
2540,0.0429026696297,618.470771
2550,0.045693876373,621.03463
2560,0.0431932520655,623.600863
2570,0.0432292688336,626.161027
2580,0.0452599142651,629.183325
2590,0.0433216475902,632.865777
2600,0.0426008076457,635.328713
2610,0.0433958745558,639.228289
2620,0.0432073594707,641.508273
2630,0.0429335751224,643.810984
2640,0.0433846741213,646.750174
2650,0.044016467022,649.348901
2660,0.0448473759905,651.8883
2670,0.0437368491432,654.346656
2680,0.0437922854196,656.917759
2690,0.0428375084037,659.53049
2700,0.0445388505631,661.979294
2710,0.0430071800175,664.392962
2720,0.0435855434669,667.050182
2730,0.04410486636,669.900845
2740,0.0438379971749,672.257317
2750,0.0426718897785,674.654638
2760,0.0436953651482,677.260317
2770,0.0439001241698,679.833622
2780,0.0435530326935,682.349552
2790,0.0434405276334,684.751251
2800,0.0437467193916,687.159673
2810,0.043642312111,689.600585
2820,0.0435481444053,692.391043
2830,0.0434374719583,694.811329
2840,0.0438788784165,697.297994
2850,0.0440548176839,699.749992
2860,0.0442427041178,702.552949
2870,0.0440713472263,705.049004
2880,0.0442866476173,707.531363
2890,0.0443019574169,709.996461
2900,0.043172632365,712.509528
2910,0.0448753144793,714.95316
2920,0.0432910626306,717.437115
2930,0.0446608565158,720.013703
2940,0.045172529886,722.519577
2950,0.0438144699828,724.969055
2960,0.0445951963275,727.52275
2970,0.044053536567,730.185803
2980,0.04401067775,732.687191
2990,0.0437915939166,735.190399
3000,0.0442879740187,737.685437
3010,0.0440026387283,740.573456
3020,0.0437262444935,742.95878
3030,0.0437444383083,745.288717
3040,0.0443495998821,747.636261
3050,0.0433268637198,750.101255
3060,0.0437125373089,753.105736
3070,0.0429579907223,755.701694
3080,0.0419264573465,758.267654
3090,0.0447285353182,761.393743
3100,0.0444535040977,764.278949
3110,0.0429618441183,767.411084
3120,0.0432811143088,770.771451
3130,0.0445012720329,773.188156
3140,0.0432425645893,775.475031
3150,0.0427782526481,778.05713
3160,0.0456192195528,780.495305
3170,0.0436726432646,782.785972
3180,0.0455736604727,786.22104
3190,0.044052084908,788.731165
3200,0.0429483696188,791.659728
3210,0.044300207048,794.447772
3220,0.0448102952726,796.95622
3230,0.0442117711181,799.582006
3240,0.0453227733909,802.66525
3250,0.0436538181687,805.250707
3260,0.0434398565237,807.644726
3270,0.0450842259243,810.046906
3280,0.0443676793587,812.369735
3290,0.0442044552009,814.679351
3300,0.0438589961681,817.003955
3310,0.0435357155315,819.298709
3320,0.0442132601213,821.6087
3330,0.042957858494,823.922289
3340,0.0421626230259,826.397996
3350,0.0419450806765,828.734367
3360,0.0442540501798,831.020929
3370,0.0447996622038,833.762749
3380,0.0443772143501,836.366918
3390,0.0433136092715,838.913026
3400,0.0445816125239,841.329059
3410,0.0438597109815,843.756044
3420,0.0435052369958,846.316175
3430,0.0436170497416,848.875679
3440,0.0441892243919,851.385364
3450,0.0443960493823,853.876388
3460,0.0437428011091,856.761172
3470,0.0432360615514,859.144747
3480,0.0450264575196,861.45315
3490,0.0427204698896,864.625715
3500,0.0441159268798,866.945915
3510,0.0434294169616,869.233612
3520,0.0446699161338,871.50239
3530,0.0442927559386,874.373054
3540,0.0437506619415,876.870979
3550,0.0460635782826,879.263627
3560,0.0443579400097,881.781666
3570,0.0459670144432,884.26567
3580,0.042636991181,886.749227
3590,0.0452388892906,889.127759
3600,0.044049420125,891.593553
3610,0.0446730239295,894.116926
3620,0.0434908195208,896.599588
3630,0.0447892487123,899.88369
3640,0.0439789953455,903.18053
3650,0.0437924881079,905.8898
3660,0.0438793825866,908.425028
3670,0.0439995196753,910.851991
3680,0.0431905687652,913.771362
3690,0.0421083122535,916.093302
3700,0.0438844768711,918.386935
3710,0.0435987360234,920.670121
3720,0.0437400835964,923.60007
3730,0.0459366488744,926.041572
3740,0.0432113461938,928.450126
3750,0.0434880652974,930.897328
3760,0.0435002906937,933.340137
3770,0.0459081540948,935.966697
3780,0.0445238073066,938.439836
3790,0.0449343371822,941.00241
3800,0.0445770734793,943.568592
3810,0.0429480865826,946.025326
3820,0.0434568942367,948.500404
3830,0.0441453438869,951.366873
3840,0.0455866611671,953.651953
3850,0.0445835918176,955.932109
3860,0.0444581435835,958.214837
3870,0.0445472773343,960.5038
3880,0.0443143293368,963.245417
3890,0.0436424657236,965.887903
3900,0.0438175052542,968.340902
3910,0.0442259530748,971.907315
3920,0.0428388805218,974.567372
3930,0.0453079840862,977.429483
3940,0.0455712045888,980.503086
3950,0.0437325347682,983.919496
3960,0.0429284650108,986.763735
3970,0.0434222266439,990.155056
3980,0.0431043335785,993.499973
3990,0.0445213366986,996.018799
4000,0.0442508039673,998.529829
4010,0.044825067212,1001.363467
4020,0.0433679509331,1003.82735
4030,0.0444915818067,1006.17264
4040,0.0434707772831,1008.459906
4050,0.0444851000432,1010.817744
4060,0.043583618587,1013.134227
4070,0.0439576292091,1015.460941
4080,0.0445019701161,1017.833931
4090,0.0430258402026,1020.147609
4100,0.0442304983883,1022.489352
4110,0.0455739412145,1024.832177
4120,0.0432361244414,1027.859129
4130,0.0438748267974,1030.495096
4140,0.044567699668,1033.075416
4150,0.0432562133652,1035.577436
4160,0.0452050761742,1038.29243
4170,0.0433602584742,1040.80831
4180,0.0448793873165,1043.250576
4190,0.0450434107016,1045.631937
4200,0.0431131244665,1047.997199
4210,0.0447920735641,1050.322795
4220,0.0433576423827,1052.686124
4230,0.0448754871779,1055.025963
4240,0.0449466091531,1057.962896
4250,0.0441134599337,1060.392511
4260,0.0437479197813,1062.729855
4270,0.0419772332528,1065.031999
4280,0.0458569831071,1067.33353
4290,0.0427819371534,1069.615691
4300,0.0430010691191,1071.911741
4310,0.0449372298502,1074.182515
4320,0.0443010404379,1076.451023
4330,0.0449477732433,1078.735232
4340,0.0431750591181,1080.993735
4350,0.0446483972746,1083.290912
4360,0.0442756103119,1085.838543
4370,0.0458024601935,1088.758099
4380,0.0442987603672,1091.083209
4390,0.0438941317378,1093.435712
4400,0.0445870358884,1095.858552
4410,0.0446904309235,1098.214245
4420,0.0448082567507,1101.00607
4430,0.0448205403904,1103.28148
4440,0.0445238202423,1105.609009
4450,0.0444383234867,1107.895266
4460,0.0441045081437,1110.223553
4470,0.0439843926053,1113.023641
4480,0.0440622639104,1115.432165
4490,0.0449352760105,1119.763262
4500,0.0442517947574,1122.075617
4510,0.0455489405428,1124.350652
4520,0.0423602266683,1126.714429
4530,0.0426057652764,1128.98922
4540,0.0448386685106,1131.288211
4550,0.0457873500314,1133.647658
4560,0.0435648050597,1136.326498
4570,0.0443344265788,1138.894792
4580,0.0435223214669,1141.195375
4590,0.0432356892535,1143.472428
4600,0.0455501991923,1145.800846
4610,0.044480116906,1148.553192
4620,0.0438009719764,1150.962215
4630,0.0448018936527,1153.272579
4640,0.0453297631356,1155.565782
4650,0.0447183682687,1157.873097
4660,0.0454069550529,1160.139352
4670,0.0451005988158,1162.413197
4680,0.0437714773206,1164.703939
4690,0.0436369928624,1167.150542
4700,0.04501779649,1169.827263
4710,0.0455893958827,1172.704882
4720,0.0473331136457,1175.31783
4730,0.0446109799066,1177.929372
4740,0.0439816137227,1180.822371
4750,0.0463477245335,1183.310889
4760,0.044372065215,1185.74922
4770,0.0449963862708,1188.164841
4780,0.0449719933074,1190.667685
4790,0.0454832577644,1193.129533
4800,0.0450499545251,1195.674289
4810,0.0437244236802,1198.121324
4820,0.0453290731235,1200.599634
4830,0.0450702504606,1203.077955
4840,0.0446800291256,1205.619876
4850,0.0443429019115,1208.158864
4860,0.0442982865186,1210.602491
4870,0.0432249574878,1212.961769
4880,0.0451807699082,1215.955719
4890,0.0434397194104,1218.296759
4900,0.0460886004269,1220.640237
4910,0.043302531245,1223.018529
4920,0.0462267810851,1225.383342
4930,0.0455373346337,1227.776079
4940,0.0450731393557,1230.17039
4950,0.0434884004348,1232.766352
4960,0.0446064245775,1235.242093
4970,0.0446034738138,1237.760369
4980,0.045193932104,1240.184872
4990,0.0461132171683,1242.616104
5000,0.044048055049,1245.011282
5010,0.0439348714812,1247.987138
5020,0.0452309240379,1250.453936
5030,0.0447000488999,1252.741736
5040,0.0457241473373,1255.076759
5050,0.0440198744081,1257.438918
5060,0.0445593339884,1259.717873
5070,0.0431720605731,1262.070868
5080,0.0450917148166,1264.537297
5090,0.0453095764634,1267.000271
5100,0.0428804836607,1269.290151
5110,0.0453725211856,1271.581355
5120,0.0445543171224,1273.89829
5130,0.0447744119558,1276.247868
5140,0.0454624575516,1278.789943
5150,0.0453818464742,1281.07118
5160,0.0442406437226,1283.351129
5170,0.0442375260963,1285.68408
5180,0.0459185596423,1287.983437
5190,0.0459870294122,1290.263176
5200,0.0457061901679,1292.687541
5210,0.0447670227008,1295.020045
5220,0.0451932158515,1297.553223
5230,0.0454714388096,1300.018809
5240,0.0456622897712,1302.393416
5250,0.0445677564627,1305.697103
5260,0.0442560403891,1308.228751
5270,0.0441544265185,1310.820656
5280,0.0457779985852,1313.235194
5290,0.0466932954807,1315.69541
5300,0.0440688696492,1318.2133
5310,0.0446281159046,1320.78989
5320,0.0443548654232,1323.339898
5330,0.0443136139545,1325.82238
5340,0.0468128027135,1328.440088
5350,0.0428236352531,1331.059332
5360,0.045646642211,1333.687108
5370,0.0444059215656,1336.439347
5380,0.0451951140697,1338.750426
5390,0.0448618370722,1341.069799
5400,0.0448721584924,1343.353699
5410,0.0432264063063,1345.63028
5420,0.0455590172488,1348.093558
5430,0.044866810332,1350.361819
5440,0.0454590122579,1352.688287
5450,0.0440790681218,1354.985275
5460,0.0451750477027,1357.34188
5470,0.0433417188582,1359.632661
5480,0.045002955193,1361.92419
5490,0.0430934645065,1364.208207
5500,0.0468379463884,1366.482264
5510,0.0462267096919,1368.783593
5520,0.0441724812435,1371.050282
5530,0.0458656200007,1373.323048
5540,0.0445708667225,1375.625459
5550,0.044211109832,1378.68336
5560,0.0446051684152,1381.016921
5570,0.0460029864394,1383.669121
5580,0.0450795479966,1386.562419
5590,0.0440192766741,1389.285139
5600,0.0450513354053,1391.794838
5610,0.0449674941878,1394.609736
5620,0.046752509421,1397.168876
5630,0.0456836589584,1399.706223
5640,0.0465630658322,1402.165528
5650,0.0437336016042,1404.616998
5660,0.0454524341736,1407.453023
5670,0.0441569079211,1409.763345
5680,0.0474997171528,1412.042009
5690,0.0445728901897,1414.772561
5700,0.0444361955506,1417.345961
5710,0.0466635107875,1419.762093
5720,0.0440179902538,1422.278335
5730,0.0468460674484,1424.720608
5740,0.0460560443492,1427.185991
5750,0.0475360558176,1429.587172
5760,0.0461529020229,1432.085284
5770,0.0467735806822,1434.583415
5780,0.0462979970056,1437.052071
5790,0.045572828241,1439.484528
5800,0.0465129222377,1442.036188
5810,0.0457343193252,1444.808778
5820,0.0466962122278,1447.236103
5830,0.0443496227123,1449.690978
5840,0.0450163530942,1452.172339
5850,0.0466675032172,1454.464669
5860,0.0490594649345,1456.800212
5870,0.0463542288108,1459.498489
5880,0.0480970437283,1461.76354
5890,0.0470804385596,1464.024786
5900,0.0468493933472,1466.315882
5910,0.0460947173879,1468.691995
5920,0.0455801729883,1471.152633
5930,0.0474774383377,1473.531004
5940,0.0463371391601,1475.843148
5950,0.0466064920146,1478.151445
5960,0.0473473779552,1480.41075
5970,0.0474309810685,1482.762533
5980,0.046604451112,1485.16025
5990,0.0474744148058,1487.527999
6000,0.0465409719313,1489.885495
6010,0.048156871494,1492.195302
6020,0.0470253596127,1494.609302
6030,0.0453023680097,1496.917453
6040,0.047076800696,1499.222103
6050,0.0470985046699,1502.206452
6060,0.04674792552,1504.610379
6070,0.0468980523159,1507.105034
6080,0.0463226729504,1510.056884
6090,0.0466274511414,1512.980021
6100,0.0482031732036,1515.597169
6110,0.0453700608321,1518.240729
6120,0.0455767240663,1520.836095
6130,0.0471226499106,1523.347361
6140,0.0459194228559,1526.871144
6150,0.0481426676476,1529.791062
6160,0.0471431453533,1532.791389
6170,0.0466940077756,1535.279622
6180,0.0466614406563,1537.797473
6190,0.0469463866361,1540.444331
6200,0.0472024518033,1543.052949
6210,0.0471569673157,1545.647019
6220,0.0480077419778,1548.443902
6230,0.0449843530407,1550.743191
6240,0.0458532922791,1552.999691
6250,0.0471156010697,1555.277178
6260,0.0455761814842,1557.618026
6270,0.0479772205351,1559.905651
6280,0.0480013243174,1562.171335
6290,0.0479511534505,1564.466935
6300,0.0475053660874,1566.757215
6310,0.0473276890414,1569.033584
6320,0.0468432657556,1571.969344
6330,0.0469029401515,1574.509523
6340,0.0465068246564,1577.396774
6350,0.0480625122374,1579.765656
6360,0.0454137416861,1582.045378
6370,0.0477552009149,1584.341814
6380,0.046486724109,1586.655039
6390,0.046306460695,1589.106264
6400,0.0473463974561,1591.439311
6410,0.046930991219,1593.738884
6420,0.0461573325806,1596.486109
6430,0.0476413821923,1598.913138
6440,0.04676009098,1601.269644
6450,0.0471095717045,1603.751526
6460,0.0470028843448,1606.195138
6470,0.0457693932097,1608.6243
6480,0.046886905213,1610.999641
6490,0.047880012066,1613.430368
6500,0.0472617386625,1616.020687
6510,0.0466007677594,1618.44948
6520,0.0484180815832,1620.811961
6530,0.0470775845318,1623.148094
6540,0.047432929384,1625.579174
6550,0.0488548285408,1628.054055
6560,0.0460124428306,1630.616949
6570,0.0472190989259,1633.069467
6580,0.0471774077665,1635.708879
6590,0.0461177229861,1638.102839
6600,0.0479355406837,1640.695996
6610,0.0468484385744,1643.141258
6620,0.0462087378441,1645.569802
6630,0.0481923301839,1648.090754
6640,0.0466589424638,1650.466077
6650,0.0471689848322,1653.138131
6660,0.0457074613356,1655.616915
6670,0.0470589416274,1658.125127
6680,0.0466184990074,1660.552656
6690,0.0468032033289,1663.250448
6700,0.0480930218105,1665.750586
6710,0.0465991634546,1668.177013
6720,0.0458956784843,1670.645286
6730,0.046737156348,1673.114128
6740,0.0478894710375,1675.884614
6750,0.0458053442393,1679.134772
6760,0.0463774877335,1682.259046
6770,0.0474338305199,1685.077343
6780,0.0478214172391,1687.562711
6790,0.0470768518742,1690.358531
6800,0.0473253198264,1693.319724
6810,0.0470452884198,1695.633414
6820,0.0467712537084,1697.891755
6830,0.0488756110059,1700.907364
6840,0.0470980114475,1703.318175
6850,0.0485701001218,1706.156922
6860,0.0462393107939,1709.153045
6870,0.045606922983,1711.516646
6880,0.0470850860496,1714.074374
6890,0.0474525452703,1716.584323
6900,0.0467588112641,1719.150395
6910,0.047385546343,1722.986503
6920,0.0471989311849,1725.458785
6930,0.0470850169971,1728.16523
6940,0.0466147726706,1730.506911
6950,0.0483549638406,1732.780886
6960,0.0459544933753,1735.084782
6970,0.0484498972664,1737.402458
6980,0.0479427210877,1739.664887
6990,0.0465656578837,1741.911898
7000,0.046945271405,1744.185584
7010,0.0483703515704,1746.444768
7020,0.047548486856,1748.721418
7030,0.0471554195519,1751.008705
7040,0.046022035906,1753.313084
7050,0.0467791937839,1755.639368
7060,0.0467468489792,1757.946856
7070,0.0459777621916,1760.209641
7080,0.0465686384706,1762.484133
7090,0.0468847033117,1764.847881
7100,0.0459740564101,1767.323295
7110,0.0467753032389,1770.009723
7120,0.04710486663,1773.830149
7130,0.0479069809352,1776.80128
7140,0.0465435655496,1780.729096
7150,0.0459862181998,1784.050203
7160,0.0473684542024,1786.999736
7170,0.0465161522594,1789.363908
7180,0.0460066451993,1792.110875
7190,0.047654621908,1794.688934
7200,0.0474268142846,1798.79306
7210,0.0474550525439,1803.233716
7220,0.0462352361683,1806.363907
7230,0.0461923112099,1810.087593
7240,0.0468269520368,1812.416224
7250,0.0474247542313,1814.811226
7260,0.0474389617404,1817.096169
7270,0.0470183936357,1819.399113
7280,0.0451651680265,1821.673608
7290,0.0495445371695,1823.992008
7300,0.0479190856441,1826.288406
7310,0.0468105013497,1828.56254
7320,0.0478881565331,1830.836467
7330,0.0456464256697,1833.109932
7340,0.0455121225498,1835.4058
7350,0.0490200242985,1837.687551
7360,0.0481018244118,1839.994413
7370,0.0474005401175,1842.274376
7380,0.0463525708552,1844.583946
7390,0.0485999984901,1846.865762
7400,0.0473995961394,1849.196424
7410,0.0469101719587,1851.537361
7420,0.0464415378861,1853.927268
7430,0.0481695047802,1856.280464
7440,0.0473778129374,1858.574561
7450,0.0471262093802,1860.86849
7460,0.0465479332185,1863.153734
7470,0.0471154486014,1865.466593
7480,0.0481113423591,1867.72354
7490,0.047003600353,1869.99263
7500,0.0475283385478,1872.274089
7510,0.0468847733997,1874.61995
7520,0.0477888002521,1876.954244
7530,0.0470382675182,1879.237245
7540,0.0488331182901,1881.637667
7550,0.0467019313494,1883.956307
7560,0.0470472303648,1886.303403
7570,0.0475985116967,1888.590438
7580,0.0460500908129,1890.924838
7590,0.0477846931105,1893.216195
7600,0.0464287131243,1895.496982
7610,0.0463245904108,1897.749182
7620,0.047942216782,1900.035272
7630,0.0475638085556,1902.318598
7640,0.0476013630967,1904.592002
7650,0.0473564101552,1906.86663
7660,0.0492936134417,1909.144594
7670,0.0467986832662,1911.440285
7680,0.0464131955163,1913.733004
7690,0.045974750733,1916.035571
7700,0.0471903812281,1918.324924
7710,0.0478622461113,1920.582041
7720,0.0485060874204,1922.88611
7730,0.0473652113637,1925.175538
7740,0.0475935444552,1927.430299
7750,0.0486193513864,1929.853786
7760,0.0468295652796,1932.254717
7770,0.046160628028,1934.568806
7780,0.0468742445783,1936.869355
7790,0.0474507835005,1939.238131
7800,0.0465093890827,1941.502234
7810,0.0477675457788,1943.771793
7820,0.0483534596765,1946.063229
7830,0.0492051703574,1948.36271
7840,0.0488756736971,1950.622155
7850,0.0474662730768,1952.910393
7860,0.0475250809852,1955.210848
7870,0.0478334348826,1957.482395
7880,0.0480600310622,1959.77161
7890,0.0471399164457,1962.057226
7900,0.0480407550545,1964.338674
7910,0.0478907359669,1966.663551
7920,0.0472091338092,1968.990154
7930,0.0471079219947,1971.265237
7940,0.0467339840035,1973.550309
7950,0.0468424750205,1975.858299
7960,0.048407111276,1978.136343
7970,0.048046171312,1980.417467
7980,0.0462551312462,1983.094462
7990,0.0478499244985,1985.395535
8000,0.0480610164751,1987.689865
8010,0.0481389553851,1989.975171
8020,0.0481653272657,1992.272734
8030,0.0489511854823,1994.59335
8040,0.0472482717701,1996.977296
8050,0.0456511423924,1999.405016
8060,0.0469264875143,2001.751832
8070,0.0480804349503,2004.066299
8080,0.0492720509414,2006.374066
8090,0.0470187533981,2008.657864
8100,0.0465213481755,2010.977433
8110,0.0479260238909,2013.288686
8120,0.0476175976417,2015.60337
8130,0.0463386852473,2017.890747
8140,0.04769683932,2020.238276
8150,0.047069802079,2022.533152
8160,0.0478365623177,2024.797595
8170,0.0468527523813,2027.056801
8180,0.0495666912375,2029.328251
8190,0.0487490886912,2031.575529
8200,0.0471173443598,2033.860507
8210,0.0479004024385,2036.152305
8220,0.04725561332,2038.423578
8230,0.0471343659261,2040.724936
8240,0.0472817570697,2043.164157
8250,0.0491441699571,2045.478811
8260,0.0485128443675,2047.737016
8270,0.0484973248063,2050.008921
8280,0.0473731799235,2052.303469
8290,0.0474545235268,2054.604005
8300,0.0476487060778,2056.857356
8310,0.0490916759975,2059.116861
8320,0.0469568337527,2061.438836
8330,0.0484631813906,2063.751581
8340,0.0481585851288,2066.06786
8350,0.0488220208741,2068.404189
8360,0.0474857585407,2070.693271
8370,0.0466937008271,2073.016582
8380,0.0477241015074,2075.312435
8390,0.0486411686956,2077.619602
8400,0.0486270592939,2079.941914
8410,0.0482943457214,2082.207901
8420,0.0486866571704,2084.502183
8430,0.0464718481259,2086.777907
8440,0.0476443871534,2089.040477
8450,0.0473043983903,2091.308195
8460,0.0478988855242,2093.597872
8470,0.0479342927891,2095.937238
8480,0.047524594153,2098.446028
8490,0.0478952633061,2100.743185
8500,0.0482867541505,2103.020084
8510,0.0481806900507,2105.290596
8520,0.0478694067562,2107.585696
8530,0.0468611916514,2109.869936
8540,0.0468748227972,2112.133108
8550,0.0477482137113,2114.446426
8560,0.0486208340638,2116.724211
8570,0.0468512014869,2118.991919
8580,0.0462439551468,2121.25177
8590,0.0482255350523,2123.539701
8600,0.0479741204383,2125.821377
8610,0.0484637647719,2128.082521
8620,0.0484895113382,2130.336252
8630,0.0468558393038,2132.592169
8640,0.0467604279311,2134.881353
8650,0.0474696954493,2137.176913
8660,0.0477960809452,2139.507485
8670,0.0497817783654,2141.859556
8680,0.0481527809283,2144.113305
8690,0.0485193245074,2146.397423
8700,0.0476478185539,2148.722207
8710,0.0483268180951,2151.003782
8720,0.0472135075376,2153.43625
8730,0.0489633156443,2155.797157
8740,0.0481707471277,2158.052646
8750,0.0472136248439,2160.328697
8760,0.0471754008149,2162.608313
8770,0.0486561405215,2164.880012
8780,0.0479205794774,2167.14456
8790,0.0491437549375,2169.444649
8800,0.0475970580378,2171.761342
8810,0.0470376078038,2174.325149
8820,0.0473334514514,2177.294899
8830,0.0479134729647,2179.962158
8840,0.046377216135,2182.245869
8850,0.0505568043328,2184.586318
8860,0.0473637821006,2186.940887
8870,0.0483715975,2189.345962
8880,0.048296175916,2191.67113
8890,0.04870964324,2194.062442
8900,0.0483213836637,2196.349689
8910,0.0469572250304,2198.625898
8920,0.0488547862608,2200.902865
8930,0.0469349222771,2203.175922
8940,0.0480222007744,2205.432582
8950,0.0465981333349,2207.695577
8960,0.0494865251995,2209.967926
8970,0.0479999485911,2212.249079
8980,0.0462900941085,2214.732038
8990,0.0498923482863,2217.092882
9000,0.0484659015014,2219.417958
9010,0.0477295072815,2221.686368
9020,0.0464529368524,2223.986052
9030,0.0474789931316,2226.253554
9040,0.048455969092,2228.67411
9050,0.0460705066433,2231.049476
9060,0.0463517555696,2233.359182
9070,0.0473855994399,2235.621972
9080,0.0469320639668,2237.912258
9090,0.0468653155353,2240.194996
9100,0.0473431834549,2242.473912
9110,0.0487395380142,2244.756934
9120,0.0476510701653,2247.055936
9130,0.0475632639717,2249.324312
9140,0.0484544622911,2251.642591
9150,0.0483367354571,2253.941129
9160,0.0485391994257,2256.208154
9170,0.0476285973732,2258.50211
9180,0.0488963673288,2260.760227
9190,0.0475289959134,2263.031624
9200,0.04786912037,2265.491567
9210,0.0470217972129,2267.747286
9220,0.0479470473198,2270.006615
9230,0.0474548377098,2272.414313
9240,0.0493432415277,2274.738028
9250,0.0476664347951,2276.997838
9260,0.0491526312304,2279.254271
9270,0.0487294284232,2281.758923
9280,0.0481156602694,2284.03689
9290,0.0475919438173,2286.309206
9300,0.047896645115,2288.606028
9310,0.0485447231782,2290.936194
9320,0.0503863535377,2293.305395
9330,0.0493090158225,2295.570949
9340,0.0482659192564,2297.880157
9350,0.0458546625155,2300.333437
9360,0.049653358325,2302.619035
9370,0.0476912502398,2304.916171
9380,0.0478040845542,2307.232345
9390,0.0471256557305,2309.545369
9400,0.0483059000538,2311.822638
9410,0.0484064886208,2314.112661
9420,0.0505835223149,2316.376879
9430,0.0480940345625,2318.65026
9440,0.0472321639355,2321.058125
9450,0.0487409548774,2323.326996
9460,0.0483390010003,2325.61692
9470,0.0492625172106,2327.917103
9480,0.0475198177671,2330.177819
9490,0.0482135362506,2332.469499
9500,0.0481389290022,2334.7582
9510,0.0477614901622,2337.034359
9520,0.0487953928419,2339.300543
9530,0.0472566676957,2341.570215
9540,0.0485658412631,2343.85102
9550,0.0484677147139,2346.119137
9560,0.0482179299517,2348.396874
9570,0.0483317918681,2350.707425
9580,0.0477557081063,2353.037452
9590,0.0490820549333,2355.308389
9600,0.0479414348909,2357.579289
9610,0.0502325397884,2359.875056
9620,0.0500517546318,2362.208649
9630,0.0491517456787,2364.502392
9640,0.0483519255385,2366.828942
9650,0.0480177527752,2369.325351
9660,0.0482827466548,2371.752789
9670,0.0474084295661,2374.1863
9680,0.0476317145587,2376.492943
9690,0.048763200691,2378.856138
9700,0.0486950235891,2381.20846
9710,0.0481214449407,2383.503844
9720,0.0491383505107,2385.784303
9730,0.0487621075683,2388.060483
9740,0.0477798690276,2390.328974
9750,0.0490504720752,2392.615511
9760,0.0476029885692,2394.9208
9770,0.0470546534049,2397.191433
9780,0.0480238060657,2399.432565
9790,0.0473591647756,2401.70415
9800,0.0478724280348,2404.024869
9810,0.047920283724,2406.292111
9820,0.0480946212476,2408.556072
9830,0.0469487718624,2410.843344
9840,0.048482937914,2413.153657
9850,0.049977060841,2415.530811
9860,0.0480281928974,2417.89427
9870,0.047935479756,2420.340185
9880,0.0483427914152,2422.631277
9890,0.0472780535367,2424.917562
9900,0.0495730373813,2427.215996
9910,0.048673716581,2429.468955
9920,0.0478276904838,2431.763133
9930,0.0488382445146,2434.072186
9940,0.0480473109916,2436.354508
9950,0.0478507153077,2438.763467
9960,0.0483744234261,2441.173307
9970,0.0484077100617,2443.470656
9980,0.0497765788156,2445.777635
9990,0.0491364012805,2448.052992
10000,0.0489158306364,2450.323886
10010,0.0492258065285,2452.823059
10020,0.0478305710588,2455.198214
10030,0.0493793044102,2457.525889
10040,0.0489280328502,2459.794616
10050,0.0485610146531,2462.063777
10060,0.0489686274934,2464.375383
10070,0.0475688563859,2466.633232
10080,0.0482263335565,2468.922507
10090,0.0492438277367,2471.216408
10100,0.0492207913475,2473.537044
10110,0.0488248475735,2475.888589
10120,0.0480803632486,2478.210221
10130,0.0472371782416,2480.477614
10140,0.0484613003728,2482.791425
10150,0.0476861654293,2485.085307
10160,0.0477896935845,2487.355794
10170,0.0476465334885,2489.603963
10180,0.0477456750909,2491.920454
10190,0.0473162727153,2494.203314
10200,0.0479369136225,2496.476811
10210,0.0483169756217,2498.772283
10220,0.0479273448545,2501.112309
10230,0.0492762688892,2503.371376
10240,0.049278882364,2505.632284
10250,0.0466894292387,2507.906299
10260,0.0487732662907,2510.263564
10270,0.0487231639151,2512.560435
10280,0.0474703238325,2515.212534
10290,0.0476385423313,2517.500756
10300,0.048317761102,2519.769549
10310,0.0484606631413,2522.029275
10320,0.0495019346914,2524.338608
10330,0.0503647209594,2526.787475
10340,0.0495395769195,2529.343389
10350,0.0488544440352,2531.795784
10360,0.0486067141011,2534.166181
10370,0.0484734842473,2536.578623
10380,0.0490831925605,2538.880607
10390,0.0481661671059,2541.161638
10400,0.0479796910939,2543.477709
10410,0.0477287704078,2545.805563
10420,0.0499508314137,2548.071093
10430,0.0492066250744,2550.386297
10440,0.0483949928614,2552.901268
10450,0.0486372800885,2555.650064
10460,0.0488405907728,2558.38569
10470,0.0498777880424,2560.689983
10480,0.0492383272715,2562.95048
10490,0.0496129534309,2565.212444
10500,0.0497888215781,2567.653276
10510,0.0486197832054,2569.931984
10520,0.0496956615448,2572.220382
10530,0.0480151687907,2574.604047
10540,0.0477565185773,2576.893609
10550,0.0485099695183,2579.146055
10560,0.0483744300031,2581.821088
10570,0.0483909575605,2584.261518
10580,0.0474936871244,2586.597273
10590,0.0479321522256,2588.897636
10600,0.0496702787054,2591.205765
10610,0.0497212216305,2593.52015
10620,0.0491911285695,2595.791339
10630,0.048861264659,2598.099601
10640,0.0494874173695,2600.402657
10650,0.048781480574,2602.761807
10660,0.0487740274805,2605.052038
10670,0.0492926626381,2607.33418
10680,0.048985677844,2609.751982
10690,0.0483574782714,2612.125283
10700,0.0495041460498,2614.42673
10710,0.0487176885941,2616.723536
10720,0.0481776088372,2619.021777
10730,0.0497376522731,2621.281532
10740,0.0485921683585,2623.562902
10750,0.049457779538,2625.819586
10760,0.04910691281,2628.114299
10770,0.0482737522556,2630.389652
10780,0.0487442019977,2632.747947
10790,0.0495468952736,2635.040205
10800,0.0490232912203,2637.308826
10810,0.0494517309169,2639.613415
10820,0.049048136831,2641.899507
10830,0.0500345965099,2644.157831
10840,0.0477494874655,2646.423703
10850,0.0485930838016,2648.716866
10860,0.0489971213926,2651.021135
10870,0.0487409563256,2653.337131
10880,0.0480435212322,2655.591198
10890,0.0487992450108,2657.871341
10900,0.0496708540339,2660.147431
10910,0.0488019577085,2662.463806
10920,0.0481229613467,2664.796852
10930,0.0489342705599,2667.086574
10940,0.0496505759292,2669.375391
10950,0.048560292616,2671.651179
10960,0.0484328618999,2673.942608
10970,0.0485285507768,2676.215087
10980,0.0483971085754,2678.506367
10990,0.0497075940743,2680.802286
11000,0.0485597305448,2683.136833
11010,0.0485878405076,2685.415359
11020,0.0474695479239,2687.683109
11030,0.049096217911,2689.934665
11040,0.0489515247222,2692.302555
11050,0.0501243593592,2694.753936
11060,0.0490264923633,2697.036547
11070,0.0490489245572,2699.323735
11080,0.0488824276729,2701.602694
11090,0.0473436626445,2703.893611
11100,0.0489821337796,2706.175287
11110,0.0485307775963,2708.501197
11120,0.0477432475672,2710.783532
11130,0.0482935000893,2713.134371
11140,0.0500014264412,2715.403379
11150,0.049327517555,2717.668314
11160,0.0480835966742,2719.956712
11170,0.0491160599227,2722.229219
11180,0.0478573256856,2724.537775
11190,0.0482944568296,2726.843835
11200,0.0489156194329,2729.139619
11210,0.0475649847434,2731.435474
11220,0.0505405118116,2733.72878
11230,0.0486244344781,2736.007178
11240,0.0497669517172,2738.323527
11250,0.0496978158875,2740.597944
11260,0.0470785274782,2742.889227
11270,0.0499919271268,2745.310716
11280,0.0478921734298,2747.580146
11290,0.0483570057414,2749.916364
11300,0.0482896554932,2752.194027
11310,0.0473385082049,2754.496798
11320,0.048961440385,2756.767769
11330,0.0480778281418,2759.083418
11340,0.0492430851445,2761.682171
11350,0.0484545769162,2763.962681
11360,0.0473579917397,2766.247172
11370,0.0482128853901,2768.545971
11380,0.0485268581939,2770.84425
11390,0.0486702813316,2773.514515
11400,0.0499847415118,2775.892767
11410,0.0489124086011,2778.163262
11420,0.049108982129,2780.469071
11430,0.0495352694491,2782.760519
11440,0.0490157784115,2785.095833
11450,0.0495367274101,2787.39952
11460,0.0487293991697,2789.834904
11470,0.0494293766938,2792.222142
11480,0.0491946656588,2794.605459
11490,0.04817737513,2796.898763
11500,0.0485341147489,2799.298437
11510,0.0493112873531,2801.586778
11520,0.0497001588746,2804.055755
11530,0.0498076329154,2806.402212
11540,0.0492254575927,2808.873952
11550,0.0502764210257,2811.291575
11560,0.048970449876,2813.67322
11570,0.048218420635,2816.020486
11580,0.0506444025727,2818.337276
11590,0.0484823824028,2820.7042
11600,0.0492519247871,2822.98853
11610,0.0510266270188,2825.263193
11620,0.0487317360772,2827.5398
11630,0.0493008470136,2829.92996
11640,0.0480218609274,2832.249884
11650,0.0499967542494,2834.551744
11660,0.0485289624862,2836.888868
11670,0.0489604712206,2839.351125
11680,0.0483867080161,2841.632489
11690,0.0495441499646,2843.901254
11700,0.0498052096796,2846.157828
11710,0.0475577661869,2848.450202
11720,0.0498389657787,2850.723488
11730,0.048781147738,2853.015485
11740,0.0479979229235,2855.306324
11750,0.0478083619663,2857.622014
11760,0.0507691151739,2859.960873
11770,0.0496201603576,2862.225308
11780,0.0490006777033,2864.476698
11790,0.0491771534309,2866.744869
11800,0.0490613342517,2868.989897
11810,0.049958524057,2871.287423
11820,0.0499225262563,2873.608437
11830,0.0499385192839,2875.928559
11840,0.0494964637626,2878.178778
11850,0.0494534094765,2880.721518
11860,0.0490374874626,2883.009466
11870,0.0484789803553,2885.298668
11880,0.0501200910876,2887.581501
11890,0.0493149498093,2889.873542
11900,0.0492418722801,2892.201531
11910,0.0487781388128,2894.476991
11920,0.0492045147668,2896.766257
11930,0.0491901568895,2899.080613
11940,0.0489349603661,2901.343842
11950,0.0482332185822,2903.624298
11960,0.0478592308298,2905.891812
11970,0.049478962377,2908.155006
11980,0.0499420989875,2910.436189
11990,0.0506722142214,2912.741247
12000,0.0495239287838,2915.052926
12010,0.0485831729145,2917.322464
12020,0.0491439722284,2919.666631
12030,0.0481223467643,2921.959371
12040,0.0482502495302,2924.404794
12050,0.0493661418855,2926.86942
12060,0.0480459573031,2929.272467
12070,0.0495915621573,2931.602633
12080,0.0479827348296,2933.92542
12090,0.0492303149931,2936.193511
12100,0.049593801514,2938.44442
12110,0.0496897461791,2940.700114
12120,0.0479368703276,2942.959403
12130,0.0480799493093,2945.320442
12140,0.0490742259737,2947.655555
12150,0.0489332673276,2949.928829
12160,0.0479854848996,2952.316457
12170,0.0479090016807,2954.74746
12180,0.0493146820465,2957.045236
12190,0.0488266805431,2959.559825
12200,0.0476275828407,2962.361474
12210,0.050522091959,2964.806792
12220,0.0493178785567,2967.111614
12230,0.047588257179,2969.54588
12240,0.0479006334893,2971.980965
12250,0.0492593310815,2974.332832
12260,0.048751086666,2976.775992
12270,0.0491394067151,2979.094816
12280,0.0500066815493,2981.369347
12290,0.0496139403238,2983.625766
12300,0.0491532981564,2985.890949
12310,0.049549874409,2988.235204
12320,0.0472604217936,2990.62907
12330,0.0497612615374,2993.024304
12340,0.0487120378621,2995.367244
12350,0.0485402710599,2997.766079
12360,0.0487311680625,3000.054149
12370,0.0482002843319,3002.600514
12380,0.0495668440348,3004.982497
12390,0.0491634271717,3007.318851
12400,0.0484771089633,3009.624883
12410,0.0481155028255,3011.962303
12420,0.0481552091505,3014.889913
12430,0.0477112130705,3017.277843
12440,0.0490366998787,3020.504437
12450,0.048341851668,3023.394466
12460,0.0498956183509,3027.177797
12470,0.0483448236002,3029.700707
12480,0.0483225736641,3032.233538
12490,0.0486720480938,3034.796543
12500,0.0498330120404,3037.351053
12510,0.0481740915506,3039.922943
12520,0.048507986732,3042.505981
12530,0.0488804344902,3044.98902
12540,0.0485922563814,3047.587816
12550,0.0487630714943,3050.706016
12560,0.0491883912019,3053.846355
12570,0.0489432669368,3056.827504
12580,0.0488591557609,3059.853607
12590,0.0490827541519,3062.359377
12600,0.0491565934153,3065.431145
12610,0.0484717043436,3067.794487
12620,0.0501827958055,3070.870111
12630,0.0499606305257,3073.513338
12640,0.0479531485296,3076.057048
12650,0.0487588932132,3078.90682
12660,0.0495403016546,3081.291628
12670,0.0500576707139,3083.636551
12680,0.0509573442171,3085.909981
12690,0.0505505315313,3088.689267
12700,0.0506541989589,3091.540289
12710,0.0490455491898,3093.9573
12720,0.0483978580942,3096.324096
12730,0.0484297213194,3098.884376
12740,0.0489246577402,3101.317595
12750,0.049763688933,3103.824881
12760,0.0496774505644,3106.328828
12770,0.0480379866568,3108.796485
12780,0.0509703653543,3111.152041
12790,0.0487457135915,3113.726733
12800,0.0498500950748,3116.214451
12810,0.0495715187039,3119.196155
12820,0.0497356727075,3121.788657
12830,0.0497167145495,3124.174269
12840,0.0494364802324,3126.98329
12850,0.0484557979451,3129.720903
12860,0.0494973071738,3132.455873
12870,0.0490638818392,3134.964532
12880,0.0487990825033,3137.389325
12890,0.0481259489169,3139.889811
12900,0.05114485549,3142.430344
12910,0.0498358349807,3144.883996
12920,0.0505308922848,3147.289396
12930,0.047968530486,3150.148847
12940,0.0494965728018,3153.294166
12950,0.0488699898151,3156.272836
12960,0.0500932445587,3158.718135
12970,0.048732482608,3161.163821
12980,0.0484797496167,3164.699817
12990,0.0484195371352,3167.230278
13000,0.0495239081884,3169.614977
13010,0.0487755566374,3172.525791
13020,0.0504647604273,3176.149319
13030,0.0499623320192,3180.337741
13040,0.0504645027433,3183.363237
13050,0.0491315619884,3186.078936
13060,0.0507948917618,3188.915122
13070,0.0507244089255,3191.538656
13080,0.0501865953259,3193.995322
13090,0.0498428836716,3196.438453
13100,0.048773251656,3198.875974
13110,0.0496353892259,3201.382959
13120,0.0484472679078,3203.872865
13130,0.0488712636022,3206.34279
13140,0.0504574592113,3208.735259
13150,0.049589421897,3211.373777
13160,0.0498488530458,3213.852666
13170,0.0493635525401,3216.343283
13180,0.0491363334655,3218.825297
13190,0.0488802303061,3221.390811
13200,0.0499677998006,3223.845126
13210,0.0490507161124,3226.293517
13220,0.0493110171705,3228.731082
13230,0.0499738040057,3231.478823
13240,0.0510938095999,3233.814155
13250,0.0500096500324,3236.058338
13260,0.0489790008165,3238.344787
13270,0.0492120498865,3240.644714
13280,0.0482830419842,3242.929092
13290,0.0493603944618,3245.237512
13300,0.0497546518903,3247.530894
13310,0.0501776860239,3249.828251
13320,0.0498873675835,3252.139517
13330,0.0484252913252,3254.398297
13340,0.0489741063645,3256.676679
13350,0.0500938424253,3258.962094
13360,0.0489662560572,3261.368861
13370,0.0489149895985,3263.680809
13380,0.0507890677817,3265.958428
13390,0.0490028961087,3268.280074
13400,0.0483712879376,3271.294415
13410,0.0497300059329,3273.786051
13420,0.0496605068542,3276.602089
13430,0.0511444640104,3278.939361
13440,0.0509816349065,3281.193189
13450,0.0493944850762,3283.495796
13460,0.0508605738838,3285.77537
13470,0.0492953314406,3288.082672
13480,0.0503785806469,3290.459526
13490,0.0494762881913,3292.855874
13500,0.0488964841451,3295.217219
13510,0.0499740574527,3297.619709
13520,0.0496452041284,3299.910733
13530,0.0506029527723,3302.219709
13540,0.0486024008468,3304.508865
13550,0.0477007297135,3307.099087
13560,0.0498649085984,3309.430905
13570,0.0513571504,3311.984592
13580,0.0497320142087,3314.674075
13590,0.0490899323839,3317.047904
13600,0.0481057387311,3319.323936
13610,0.0493020025158,3321.62226
13620,0.0491044088161,3323.908311
13630,0.0495569372036,3326.796017
13640,0.0505134772496,3329.193317
13650,0.0487677564378,3331.707755
13660,0.0494353873682,3334.174721
13670,0.0491804683434,3336.815713
13680,0.049862131415,3339.451147
13690,0.0510173141905,3342.010843
13700,0.048786920879,3344.557071
13710,0.04965942696,3347.037772
13720,0.0495667954911,3349.789255
13730,0.0490664154995,3352.738544
13740,0.0498104311333,3355.213165
13750,0.049755508582,3358.018351
13760,0.0485865074364,3360.329579
13770,0.0492171532574,3362.619537
13780,0.0498919507771,3364.877361
13790,0.0500794444634,3367.139595
13800,0.0482701959157,3369.469235
13810,0.0500024887953,3372.278454
13820,0.050309166949,3374.700379
13830,0.0497928700778,3376.997342
13840,0.0485830455277,3379.389524
13850,0.0488397776884,3381.697571
13860,0.0509920074964,3384.100305
13870,0.0500647387856,3386.370808
13880,0.0494837076289,3388.647243
13890,0.0488331729895,3391.012672
13900,0.0501320181696,3393.451607
13910,0.0495052181843,3395.798589
13920,0.0486636397929,3398.32239
13930,0.0486505805767,3400.672004
13940,0.0496547406823,3403.038272
13950,0.0496588907455,3405.423545
13960,0.0469973020628,3407.721484
13970,0.0493214049856,3410.012236
13980,0.0500149012249,3412.365987
13990,0.0494329088903,3414.664222
14000,0.0495314479164,3416.908885
14010,0.0476222971235,3419.190595
14020,0.0485352837559,3421.432659
14030,0.0492709921737,3423.724698
14040,0.0499507378962,3425.99877
14050,0.0497175434329,3428.920116
14060,0.0502357737487,3431.762629
14070,0.0482417936529,3434.407174
14080,0.0494717298658,3437.300889
14090,0.0493460280475,3440.157084
14100,0.0500281354227,3442.580381
14110,0.0493665032149,3445.304006
14120,0.0498709599774,3448.640864
14130,0.0492310894741,3451.015891
14140,0.0506915819606,3453.396322
14150,0.0480924099555,3456.266216
14160,0.0502617343225,3459.652062
14170,0.0492924900268,3462.252602
14180,0.0505746919911,3464.719034
14190,0.0493337865898,3467.134141
14200,0.0510609576745,3469.622733
14210,0.0496566987384,3472.232526
14220,0.0504748781508,3474.704804
14230,0.048970128202,3477.134805
14240,0.0497240567883,3479.485956
14250,0.0496406673503,3483.033674
14260,0.0493428407818,3486.382469
14270,0.0496251539238,3488.915014
14280,0.0496593724387,3491.270725
14290,0.0502713930357,3493.653336
14300,0.0475799173318,3496.074464
14310,0.0496734973495,3499.081343
14320,0.0488993561507,3501.606783
14330,0.0496100533583,3504.240369
14340,0.0492730497611,3506.725937
14350,0.0483816331765,3509.217037
14360,0.0502602457135,3511.754622
14370,0.0494234599964,3514.281315
14380,0.050080684814,3516.771917
14390,0.0497871421348,3519.229678
14400,0.0489854506843,3521.788402
14410,0.048320791958,3524.226833
14420,0.0503172985785,3526.931098
14430,0.0496183154121,3529.444737
14440,0.049839805477,3531.932609
14450,0.0495384592118,3534.424567
14460,0.0500438201544,3536.875338
14470,0.0491088204095,3539.794088
14480,0.0481677165829,3542.440267
14490,0.0498081116471,3545.353481
14500,0.0509226050092,3548.878696
14510,0.0497283457896,3552.091048
14520,0.049922326108,3554.611921
14530,0.0491242419316,3557.552103
14540,0.0487802811482,3561.123775
14550,0.0508941221456,3564.918128
14560,0.0497948975815,3568.532891
14570,0.050858976206,3571.937035
14580,0.0496075825919,3574.391607
14590,0.0487195786171,3577.339145
14600,0.0525132500693,3579.840503
14610,0.050725508117,3582.672481
14620,0.0505008769234,3585.475489
14630,0.0494393237934,3587.852833
14640,0.04884441493,3590.196101
14650,0.0495113415936,3593.276189
14660,0.0509828016587,3595.832207
14670,0.0510282015746,3598.288949
14680,0.0496048862676,3600.8051
14690,0.0504739944551,3603.278995
14700,0.050979946366,3607.033889
14710,0.0508605514048,3610.143745
14720,0.0494229896585,3613.080886
14730,0.0499142623463,3616.15601
14740,0.0502112587792,3618.690602
14750,0.0486606860285,3621.274972
14760,0.0494239494,3623.867813
14770,0.0484968989007,3626.384538
14780,0.0502186576826,3628.889492
14790,0.0499976367318,3631.412161
14800,0.0508008327766,3633.843039
14810,0.0497347336956,3636.237427
14820,0.0503020353355,3638.794434
14830,0.0489820114866,3641.4306
14840,0.0487510828656,3644.711726
14850,0.0498505753957,3647.636161
14860,0.0492649328132,3650.477892
14870,0.0502513572172,3653.478393
14880,0.0489077340445,3657.315138
14890,0.0504021034051,3661.779221
14900,0.0493357015345,3665.247384
14910,0.049828986823,3668.495689
14920,0.0499695350014,3673.366064
14930,0.0479861860612,3676.814752
14940,0.0505952306798,3680.374152
14950,0.0485929422574,3684.104171
14960,0.0484495295034,3690.059905
14970,0.0502820096178,3694.706304
14980,0.0499547518728,3698.131908
14990,0.0490259634089,3703.415297
15000,0.0506048090987,3709.9296
15010,0.0495288055209,3714.174023
15020,0.0487934022641,3718.40272
15030,0.0502871848205,3723.816338
15040,0.0505166479522,3729.957857
15050,0.0498147047842,3733.503939
15060,0.0497661485916,3737.295657
15070,0.0502247296966,3741.421671
15080,0.0502300648939,3746.087005
15090,0.0488538412692,3749.797362
15100,0.0495362320799,3752.81214
15110,0.0501314078587,3755.936627
15120,0.0503841974256,3759.215401
15130,0.0489365751123,3762.299342
15140,0.0505250523046,3765.180987
15150,0.0508821028252,3767.83663
15160,0.0501652535322,3770.629702
15170,0.0492237597353,3773.19553
15180,0.049909294616,3775.810868
15190,0.0505155063149,3779.373723
15200,0.0504580334123,3782.281933
15210,0.0512006109673,3786.438307
15220,0.0497893189152,3789.094286
15230,0.0506273633832,3792.251193
15240,0.0489035445344,3795.208989
15250,0.0490281711918,3797.758577
15260,0.0511663952335,3800.262601
15270,0.0506256759022,3802.935924
15280,0.0486053950222,3805.497133
15290,0.0505155069484,3808.652943
15300,0.0497732243631,3811.108704
15310,0.0497119378051,3813.736285
15320,0.0493395761496,3817.252695
15330,0.0501422330796,3820.340471
15340,0.0501432360081,3823.437754
15350,0.0492618525675,3826.440183
15360,0.049130479176,3829.646217
15370,0.0503416627964,3832.921374
15380,0.0503891959102,3836.032297
15390,0.0502657131563,3838.940307
15400,0.0494420991832,3841.610477
15410,0.0499735173381,3844.14283
15420,0.0490110193155,3846.746198
15430,0.0504641838325,3849.542837
15440,0.0512107704035,3852.293983
15450,0.0487815343589,3855.269019
15460,0.0504613512994,3857.78669
15470,0.0497347583692,3860.194242
15480,0.0495605915311,3862.825138
15490,0.0512830545191,3865.68409
15500,0.0516905907314,3868.191982
15510,0.0501022406013,3870.599365
15520,0.0506761785886,3873.728467
15530,0.0494928503217,3876.326726
15540,0.0496325698208,3878.916898
15550,0.0507604120183,3882.641558
15560,0.0508260865239,3886.227932
15570,0.0493011852897,3889.851613
15580,0.0513973329498,3893.951121
15590,0.0507443240082,3896.41509
15600,0.0505464032524,3899.157051
15610,0.0505395008503,3901.616766
15620,0.0502331002893,3904.15052
15630,0.0506879295164,3906.63067
15640,0.050858429526,3909.074497
15650,0.0503899292778,3911.522643
15660,0.0525418060893,3914.141062
15670,0.0510803555293,3916.762572
15680,0.0503806801952,3919.110236
15690,0.0487217543912,3921.456876
15700,0.0494481184805,3923.810412
15710,0.0505304629642,3926.465448
15720,0.0494921756892,3929.375065
15730,0.0488353152403,3932.093183
15740,0.0492512552655,3934.56687
15750,0.0504550057625,3937.150611
15760,0.0512111277835,3939.715299
15770,0.0517326132302,3942.34358
15780,0.0514703632553,3945.076483
15790,0.0508156151105,3947.743918
15800,0.0519188303279,3950.560376
15810,0.050203843637,3953.164054
15820,0.0508091732482,3955.703224
15830,0.0523727324826,3958.495701
15840,0.0499173907961,3961.171018
15850,0.0511094030138,3963.502727
15860,0.0502592676628,3966.246043
15870,0.0499991164506,3970.490291
15880,0.0485404492921,3975.39124
15890,0.0516175037145,3977.968632
15900,0.0484577328266,3980.360468
15910,0.0502581814656,3982.916453
15920,0.0516165247273,3985.957758
15930,0.0509186352118,3989.811307
15940,0.0516247295517,3992.663813
15950,0.0488589957469,3995.257823
15960,0.0503433097625,3997.618126
15970,0.0510616135312,3999.891396
15980,0.051104050264,4002.409875
15990,0.0501978411744,4004.929051
16000,0.0500961916591,4007.219167
16010,0.0499743185581,4009.55588
16020,0.0519774202306,4011.876701
16030,0.0518192893465,4014.19107
16040,0.0498923582708,4016.463143
16050,0.0501451099941,4018.718625
16060,0.0504476830883,4020.998292
16070,0.052093452073,4023.277896
16080,0.0512770251975,4025.571819
16090,0.0508625898185,4027.868771
16100,0.0505299222285,4030.234376
16110,0.0508872656755,4032.642552
16120,0.050816247744,4034.913557
16130,0.0507756025057,4037.197512
16140,0.0488440751497,4039.459885
16150,0.0500374137228,4041.745662
16160,0.0498096166067,4044.038754
16170,0.050082658419,4046.295458
16180,0.0511299143916,4048.59713
16190,0.0503986569586,4050.926882
16200,0.0495742116998,4053.230366
16210,0.0507005326966,4055.588436
16220,0.0518480959982,4057.841507
16230,0.0510411798967,4060.131267
16240,0.0522994973604,4062.402984
16250,0.0495515311942,4064.662497
16260,0.0498909972686,4066.92175
16270,0.0494540399666,4069.196348
16280,0.0522921246255,4071.565801
16290,0.0499536445272,4073.83689
16300,0.0514186320507,4076.106332
16310,0.0507705365211,4078.634651
16320,0.0490625260411,4080.899865
16330,0.051400228107,4083.164532
16340,0.0488156289544,4085.436606
16350,0.0499283577294,4087.748622
16360,0.0508439649454,4090.057616
16370,0.0497058897779,4092.332737
16380,0.0496459655072,4094.717008
16390,0.0517223772099,4096.979191
16400,0.0513466899691,4099.259799
16410,0.0498807807763,4101.540003
16420,0.0505318023646,4103.822175
16430,0.0509707889667,4106.076265
16440,0.0520459619693,4108.611355
16450,0.050078269207,4110.899054
16460,0.0525773190219,4113.158327
16470,0.0511157697259,4115.426721
16480,0.0512912411804,4117.696789
16490,0.049918175241,4119.958108
16500,0.0510711778455,4122.218067
16510,0.0508565115126,4124.48414
16520,0.0493649344908,4126.807123
16530,0.0509190126903,4129.077273
16540,0.0482327158233,4131.433471
16550,0.0491587450844,4133.712911
16560,0.0505433901852,4135.956918
16570,0.0492105921725,4138.221385
16580,0.0494278737043,4140.493396
16590,0.0514953298876,4142.771026
16600,0.051557996931,4145.041712
16610,0.0486500688817,4147.337553
16620,0.0508999511944,4149.669161
16630,0.0510817215558,4151.949633
16640,0.0511849909656,4154.225528
16650,0.0498388220276,4156.489381
16660,0.0510558593751,4158.766841
16670,0.0497169150348,4161.069621
16680,0.049861038016,4163.316561
16690,0.0512167139354,4165.635374
16700,0.0490112945732,4168.031539
16710,0.0504331024345,4170.306082
16720,0.0496336649831,4172.574452
16730,0.0519929167243,4174.876905
16740,0.0509777414522,4177.165391
16750,0.0506653240929,4179.466885
16760,0.0505941332483,4181.777017
16770,0.0512752449315,4184.062883
16780,0.0498035744251,4186.350572
16790,0.0497756832989,4188.634358
16800,0.0500102438888,4190.956071
16810,0.0523657327589,4193.276817
16820,0.0502392085563,4195.540864
16830,0.0507648410028,4197.821325
16840,0.0496028996243,4200.09134
16850,0.0504476276796,4202.38714
16860,0.050279807907,4204.665366
16870,0.0482043390416,4206.953681
16880,0.0500972721708,4209.248818
16890,0.0513210429658,4211.79698
16900,0.051085794202,4214.105712
16910,0.0503580187341,4216.381428
16920,0.0499774227898,4218.716736
16930,0.0500485037434,4220.998827
16940,0.0507807153073,4223.283545
16950,0.0514938891137,4225.558338
16960,0.0508856401156,4227.861272
16970,0.0501279068247,4230.126882
16980,0.050857289482,4232.414084
16990,0.0518439858623,4234.699273
17000,0.0499011523653,4237.003424
17010,0.0496094149731,4239.350132
17020,0.0493749448684,4241.637411
17030,0.0496266343235,4244.024812
17040,0.0495037243587,4246.556443
17050,0.0516811446477,4249.337068
17060,0.0518547910388,4252.303356
17070,0.0504700171347,4254.683164
17080,0.0507615615797,4256.966897
17090,0.0516384691337,4259.269242
17100,0.051932436905,4261.590369
17110,0.0496715523766,4263.890462
17120,0.0505939097204,4266.197133
17130,0.0508689775076,4268.520283
17140,0.0495910230635,4270.918566
17150,0.0502518207466,4273.209077
17160,0.0520046026705,4275.494026
17170,0.0513232466999,4277.778601
17180,0.0510135157212,4280.082807
17190,0.0510266938758,4282.45309
17200,0.0511079212717,4284.77094
17210,0.050865248756,4287.081247
17220,0.0509981633527,4289.415191
17230,0.0518381767616,4291.692752
17240,0.0500927151767,4293.995297
17250,0.0510045448193,4296.452925
17260,0.0496399634439,4298.751182
17270,0.0510965331825,4301.052331
17280,0.0499651020936,4303.353024
17290,0.0510790992603,4305.672322
17300,0.0529014128099,4308.184713
17310,0.0513623354772,4310.507044
17320,0.0518475448857,4312.777667
17330,0.050107317939,4315.070176
17340,0.0516251163791,4317.496752
17350,0.053177215318,4319.79878
17360,0.0509370386594,4322.109137
17370,0.0505351290904,4324.409304
17380,0.0517683442385,4331.34101
17390,0.0510511783743,4334.644611
17400,0.0509992793999,4337.460873
17410,0.0508070703652,4340.692989
17420,0.052304408851,4343.633918
17430,0.050146230943,4347.349235
17440,0.0508839090568,4350.606699
17450,0.0514621054258,4353.422024
17460,0.0507981502803,4356.273121
17470,0.0510967251073,4359.198509
17480,0.0518173712418,4362.039313
17490,0.0518970073384,4365.052811
17500,0.0509655106034,4367.833904
17510,0.0515594846368,4370.690695
17520,0.0515856174128,4373.483969
17530,0.0518243426266,4376.550435
17540,0.0510165443713,4379.398682
17550,0.0504383361361,4382.410955
17560,0.0523406687852,4385.483085
17570,0.0514475298645,4388.330014
17580,0.0500863024455,4391.334821
17590,0.0517890035862,4394.099188
17600,0.0500471836774,4397.133643
17610,0.0513155929461,4399.966168
17620,0.0501138335453,4402.733247
17630,0.0528009842677,4405.525642
17640,0.0514420191438,4408.392817
17650,0.0511891217141,4411.331428
17660,0.051890620174,4414.199905
17670,0.052243715973,4417.012152
17680,0.0518091568792,4419.793748
17690,0.052276862419,4422.774663
17700,0.0520646848348,4425.598445
17710,0.0524008750807,4428.408651
17720,0.0513692873897,4431.226753
17730,0.0519555775081,4434.052866
17740,0.0537485847561,4437.371077
17750,0.053783898233,4443.405876
17760,0.0527104820247,4448.255985
17770,0.0540992585799,4454.299711
17780,0.0515503656048,4458.848394
17790,0.0522847400562,4462.334792
17800,0.0524876332173,4465.744891
17810,0.0514983247734,4469.635797
17820,0.0513933030843,4473.216023
17830,0.0527541337201,4476.920734
17840,0.0543316403245,4480.71039
17850,0.0517378882403,4484.273636
17860,0.0520608017782,4487.938686
17870,0.0533240171329,4491.679441
17880,0.0526514280909,4495.446997
17890,0.0526264705148,4499.056819
17900,0.0528638165991,4502.68751
17910,0.0502653761843,4506.503962
17920,0.0518663505785,4510.316847
17930,0.0520814332283,4513.866698
17940,0.0529121371706,4517.29036
17950,0.0515998340943,4520.850124
17960,0.0521051047914,4524.153422
17970,0.0520567564993,4527.76274
17980,0.0530462632442,4531.434629
17990,0.0526225388686,4534.860884
18000,0.0538721492058,4538.274332
18010,0.0522855775226,4542.411424
18020,0.0515112294745,4546.157955
18030,0.0521660561866,4549.63902
18040,0.0509423961025,4552.988542
18050,0.0524530131542,4556.316864
18060,0.0530993584009,4559.669487
18070,0.0501965535188,4563.062037
18080,0.0524898594585,4566.348831
18090,0.0519304565591,4569.90273
18100,0.053290339649,4573.278176
18110,0.0511708140898,4576.816739
18120,0.0525331578982,4580.457432
18130,0.0516039114645,4584.114678
18140,0.0513441718722,4587.794896
18150,0.0513418729002,4591.474322
18160,0.0521023411541,4595.13457
18170,0.052259713447,4598.710262
18180,0.0524178862389,4602.083803
18190,0.0514434308902,4605.784057
18200,0.0521848393385,4609.394519
18210,0.0516184578156,4612.757293
18220,0.0527268028909,4616.257057
18230,0.0515746707827,4619.886521
18240,0.0514831733503,4623.238495
18250,0.052360543328,4626.697379
18260,0.0518605020205,4630.265572
18270,0.0520739031295,4633.839589
18280,0.0507978975528,4637.193034
18290,0.0518131309555,4640.892983
18300,0.0515407713463,4644.204734
18310,0.052677879169,4647.569447
18320,0.050698498773,4651.127296
18330,0.0525148176121,4654.52243
18340,0.0524210706977,4657.850712
18350,0.053489198748,4661.852986
18360,0.0519270539545,4665.20789
18370,0.0521717550461,4668.617012
18380,0.0532263497736,4672.320394
18390,0.0525296645411,4676.148983
18400,0.0537022410602,4679.714425
18410,0.0524262534822,4683.218786
18420,0.0528771533825,4686.703752
18430,0.0533284386155,4690.297982
18440,0.0505155952462,4693.731469
18450,0.0507337331194,4697.12015
18460,0.0526448363632,4700.768341
18470,0.0520664808152,4703.971703
18480,0.0517085357644,4707.455268
18490,0.0522858350271,4711.052289
18500,0.0520943496863,4714.34036
18510,0.0539003009941,4717.711372
18520,0.0505717788971,4721.168582
18530,0.0535205489825,4724.435791
18540,0.0531982460301,4728.38595
18550,0.0524938133805,4732.049837
18560,0.0525312972735,4735.395508
18570,0.052060505464,4738.946331
18580,0.0532172518346,4742.181195
18590,0.0506414298997,4745.492407
18600,0.0521522618591,4748.796067
18610,0.052156183454,4752.413569
18620,0.0509447028223,4755.747008
18630,0.05390759174,4759.297503
18640,0.0523948055525,4762.695896
18650,0.0531852779853,4766.295475
18660,0.052432543158,4769.64923
18670,0.0524176278533,4773.015664
18680,0.0521815056594,4776.397649
18690,0.0528817198815,4780.03903
18700,0.0517106811365,4783.470499
18710,0.0507897757547,4786.950823
18720,0.0520469795461,4790.306499
18730,0.0512441660106,4793.752685
18740,0.0519383122647,4797.173103
18750,0.0530390747614,4800.530243
18760,0.0515783637726,4803.979699
18770,0.0523682539664,4807.536603
18780,0.0525257811884,4810.787402
18790,0.0513840974673,4813.972153
18800,0.0531386539802,4817.227227
18810,0.0518805215608,4820.55532
18820,0.05251736352,4823.853658
18830,0.0524027303613,4827.145624
18840,0.0519011763171,4830.378936
18850,0.052238974859,4833.661508
18860,0.0527445086146,4836.89192
18870,0.0516725550444,4840.198955
18880,0.0530811414395,4843.425601
18890,0.0533498289513,4846.693576
18900,0.0521801850058,4850.12693
18910,0.0533432999758,4853.576635
18920,0.0526625761842,4856.926678
18930,0.0529614301266,4860.318932
18940,0.0513804022751,4863.544259
18950,0.0523553389942,4866.85935
18960,0.0525375574191,4870.628346
18970,0.0524042777282,4875.007584
18980,0.053754745223,4878.453786
18990,0.0527061457312,4882.245777
19000,0.0526563007531,4885.665576
19010,0.0519927693576,4889.536553
19020,0.0529927054426,4892.951708
19030,0.0529003647523,4896.739807
19040,0.0514064115782,4900.335849
19050,0.0546794319261,4903.915737
19060,0.052560293408,4907.4728
19070,0.0530965044221,4911.375729
19080,0.0505460771825,4914.740598
19090,0.0518755050629,4918.37029
19100,0.0507332512574,4921.866794
19110,0.0523828698393,4925.446714
19120,0.0520448965173,4929.256481
19130,0.0521246200072,4933.21926
19140,0.0534744044499,4936.922124
19150,0.0515614552648,4940.335453
19160,0.0533597180839,4943.721446
19170,0.0525327431415,4947.369721
19180,0.0516735033044,4950.776267
19190,0.0514523019218,4954.239767
19200,0.0524386678361,4957.931193
19210,0.0538025476108,4961.285482
19220,0.0533795181539,4964.887027
19230,0.0511066566034,4968.301839
19240,0.0525075216612,4971.814033
19250,0.0534747070294,4975.561513
19260,0.0518327889866,4979.191299
19270,0.0514368815688,4982.546815
19280,0.051566361209,4986.051939
19290,0.0528118418384,4989.734159
19300,0.0545931480354,4993.087771
19310,0.0531619034432,4996.467846
19320,0.0516975018637,5000.077043
19330,0.0524330569707,5003.462963
19340,0.0511098172618,5006.953771
19350,0.0531997436232,5010.441188
19360,0.0525670407215,5014.082202
19370,0.0516558426215,5017.401982
19380,0.0520617617765,5020.781763
19390,0.0534006565054,5024.310388
19400,0.0540279815242,5027.69612
19410,0.0521328479166,5031.200317
19420,0.0529534958203,5034.605049
19430,0.0541392647348,5038.366268
19440,0.0503586224943,5041.731893
19450,0.0532792670842,5045.138107
19460,0.0530157559151,5048.696602
19470,0.0527848365045,5052.116766
19480,0.0525710965945,5055.657
19490,0.0525899601227,5059.199476
19500,0.0528152221416,5062.607115
19510,0.0518428828101,5066.011831
19520,0.0516200710709,5069.527675
19530,0.05129226465,5072.861037
19540,0.0527904134939,5076.323498
19550,0.0528537303194,5079.990771
19560,0.0541096076004,5083.291889
19570,0.0532766719058,5086.695757
19580,0.0538745125277,5090.144608
19590,0.0540592491465,5093.620052
19600,0.0518477024512,5096.988503
19610,0.0516279618514,5100.339537
19620,0.0516971232088,5103.882
19630,0.0533825782394,5107.494059
19640,0.0521605111603,5111.182608
19650,0.0533413548488,5114.508254
19660,0.0519986635169,5118.004097
19670,0.0521559562831,5121.934182
19680,0.0534927297101,5124.739534
19690,0.0526227334952,5127.54967
19700,0.0516663704927,5130.337639
19710,0.0514158840931,5133.161094
19720,0.0531240336907,5135.967513
19730,0.0520681233299,5139.121524
19740,0.0529653268986,5141.907922
19750,0.0529949728954,5144.666124
19760,0.0520339650941,5147.629817
19770,0.053579930418,5150.396576
19780,0.0533823789009,5153.145423
19790,0.0537825781851,5155.93934
19800,0.0531619769433,5158.815804
19810,0.0522837133464,5161.589493
19820,0.0530938482158,5164.401897
19830,0.0525972113463,5167.28259
19840,0.0527933753794,5170.128833
19850,0.0513948957157,5173.228719
19860,0.0524988961734,5176.009447
19870,0.0522576376622,5178.788784
19880,0.053349814474,5181.773253
19890,0.0538203395906,5184.609981
19900,0.0528953759654,5187.373297
19910,0.0499203122962,5190.409492
19920,0.0527471179182,5193.228899
19930,0.0523849098029,5195.988552
19940,0.0522974154237,5199.07476
19950,0.0530296711715,5201.819769
19960,0.0527399577232,5204.603973
19970,0.0541945061516,5207.437829
19980,0.051631337952,5210.216706
19990,0.0513439577345,5213.338723
